Gene	Estimate	Std_Error	z_value	P_value	Null_deviance	Residual_deviance	NoMutWT	MutWT	NoMutCNV	MutCNV	Is.OG	Is.TSG	Tissue	Subtype	Stage	CNA_type	Size	Adj_Pval_subset	nodir_SIG_FDR05_subset	nodir_SIG_FDR10_subset	nodir_SIG_FDR20_subset	nodir_SIG_FDR30_subset	nodir_SIG_FDR40_subset	nodir_SIG_WOFDR_subset	SIG_FDR05_subset	SIG_FDR10_subset	SIG_FDR20_subset	SIG_FDR30_subset	SIG_FDR40_subset	SIG_WOFDR_subset	LogP	W	Function
AKT1	1.18732863339221	0.255467229381403	4.64767491418469	3.35697405549035e-06	4514.69208467665	-1.71196390397202e-13	2127	109	125	21	Yes	No	Breast	NA	NA	Gain	2382	6.7139481109807e-05	TRUE	TRUE	TRUE	TRUE	TRUE	TRUE	TRUE	TRUE	TRUE	TRUE	TRUE	TRUE	4.17302201953749	0.0950878525743132	1
ATR	1.29530433790189	0.457139442912607	2.83349940151527	0.00460413941862188	5623.91915924408	3.17301740437869e-13	2383	29	135	6	No	Yes	Breast	NA	NA	Gain	2553	0.0306942627908125	TRUE	TRUE	TRUE	TRUE	TRUE	TRUE	TRUE	TRUE	TRUE	TRUE	TRUE	TRUE	1.51294279296383	0.0305299742422639	2
FGFR4	1.74166975971654	0.423728706972814	4.11034166686347	3.95074104910685e-05	5401.92597268082	3.70814490224788e-14	2307	21	154	8	Yes	No	Breast	NA	NA	Gain	2490	0.000395074104910685	TRUE	TRUE	TRUE	TRUE	TRUE	TRUE	TRUE	TRUE	TRUE	TRUE	TRUE	TRUE	3.40332143517037	0.0403620974926817	1
CBFB	-0.957803769223699	0.177556970866323	-5.3943461895664	6.87735093428302e-08	2821.41825829078	5.08482144743482e-14	1662	63	739	73	No	Yes	Breast	NA	NA	Loss	2537	1.15195628149241e-06	TRUE	TRUE	TRUE	TRUE	TRUE	TRUE	TRUE	TRUE	TRUE	TRUE	TRUE	TRUE	5.9385640027417	0.0533797387020775	2
CDH1	-1.04687365454631	0.116504063318276	-8.98572654660432	2.5703041097384e-19	1873.95401788912	-2.13384865333105e-13	1557	170	598	186	No	Yes	Breast	NA	NA	Loss	2511	1.72210375352473e-17	TRUE	TRUE	TRUE	TRUE	TRUE	TRUE	TRUE	TRUE	TRUE	TRUE	TRUE	TRUE	16.7639406866653	0.138808302707302	2
CTCF	-0.695471411705026	0.283889040432462	-2.44980014249786	0.0142935527002939	3398.63071394667	7.19424519957093e-14	1723	27	764	24	No	Yes	Breast	NA	NA	Loss	2538	0.073666771609207	FALSE	TRUE	TRUE	TRUE	TRUE	TRUE	FALSE	TRUE	TRUE	TRUE	TRUE	TRUE	1.13272836235672	0.0150282813633067	2
EGFR	-1.23661598883207	0.498011747840335	-2.48310605963564	0.0130242303186094	5377.9210788518	2.05613304160578e-13	2273	25	132	5	Yes	No	Breast	NA	NA	Loss	2435	0.0727186192789025	FALSE	TRUE	TRUE	TRUE	TRUE	TRUE	FALSE	TRUE	TRUE	TRUE	TRUE	TRUE	1.13835437573282	0.0256173251256249	1
ESR1	-0.69188324777409	0.180432794648453	-3.8345759102281	0.000125781123631795	3320.84183900895	3.50830475476857e-13	1901	126	355	47	Yes	No	Breast	NA	NA	Loss	2429	0.00105341691041628	TRUE	TRUE	TRUE	TRUE	TRUE	TRUE	TRUE	TRUE	TRUE	TRUE	TRUE	TRUE	2.97739971422846	0.0547545940745213	1
JAK1	-1.3428844343236	0.406586037034029	-3.30282968918387	0.000957145003361214	5040.29970560675	3.00648395068491e-13	2264	20	266	9	Yes	Yes	Breast	NA	NA	Loss	2559	0.00712541280280015	TRUE	TRUE	TRUE	TRUE	TRUE	TRUE	TRUE	TRUE	TRUE	TRUE	TRUE	TRUE	2.14718997022682	0.0239707053017036	3
MAP2K4	-0.852271091754496	0.200938197552073	-4.24145882732739	2.22071631460632e-05	3140.35416733124	-1.37001521540617e-13	1747	52	745	52	No	Yes	Breast	NA	NA	Loss	2596	0.000212554275826605	TRUE	TRUE	TRUE	TRUE	TRUE	TRUE	TRUE	TRUE	TRUE	TRUE	TRUE	TRUE	3.67253015416794	0.0363397203102518	2
MEN1	-1.21748824657446	0.396665169589512	-3.06930968462487	0.00214554057807584	5332.40510908583	-1.00808250635991e-13	2303	41	133	8	No	Yes	Breast	NA	NA	Loss	2485	0.0143751218731081	TRUE	TRUE	TRUE	TRUE	TRUE	TRUE	TRUE	TRUE	TRUE	TRUE	TRUE	TRUE	1.84238846464919	0.0392461210756905	2
NF1	-1.33772482039466	0.219436332631935	-6.09618655374839	1.08628635660725e-09	4304.61580141697	2.77333707934447e-13	2139	75	247	33	No	Yes	Breast	NA	NA	Loss	2494	2.42603952975619e-08	TRUE	TRUE	TRUE	TRUE	TRUE	TRUE	TRUE	TRUE	TRUE	TRUE	TRUE	TRUE	7.61510212704112	0.0839818041037553	2
PTEN	-1.04062520065523	0.196740802275934	-5.28932071343151	1.22771456434785e-07	4232.49503410229	-8.43769633477987e-15	2185	139	211	38	No	Yes	Breast	NA	NA	Loss	2573	1.64513751622612e-06	TRUE	TRUE	TRUE	TRUE	TRUE	TRUE	TRUE	TRUE	TRUE	TRUE	TRUE	TRUE	5.7837977937371	0.0927997705106139	2
RB1	-1.15813600848319	0.234700964359333	-4.93451746840739	8.03491545886092e-07	3753.01313168189	-1.32782676650592e-13	1967	40	556	36	No	Yes	Breast	NA	NA	Loss	2599	8.97232226239469e-06	TRUE	TRUE	TRUE	TRUE	TRUE	TRUE	TRUE	TRUE	TRUE	TRUE	TRUE	TRUE	5.0470951360848	0.04088056666532	2
SMAD4	-2.30625145823762	0.369520785286311	-6.24119548904589	4.34239129302366e-10	4682.46392508265	-1.86961557346877e-13	2186	12	363	20	No	Yes	Breast	NA	NA	Loss	2581	1.45470108316293e-08	TRUE	TRUE	TRUE	TRUE	TRUE	TRUE	TRUE	TRUE	TRUE	TRUE	TRUE	TRUE	7.83722623779126	0.046759812504603	2
TP53	-0.259879264838584	0.0892560323464144	-2.91161569707645	0.00359564718407115	691.671445850754	7.72715225139098e-14	1194	690	411	308	No	Yes	Breast	NA	NA	Loss	2603	0.0219007601211606	TRUE	TRUE	TRUE	TRUE	TRUE	TRUE	TRUE	TRUE	TRUE	TRUE	TRUE	TRUE	1.65954081161208	0.0621307016999903	2
APC	-0.291019007533675	0.104890265062375	-2.77450922028479	0.00552850669114831	4449.62559572271	-2.10942374679256e-14	2310	2543	165	243	No	Yes	Core-GI	NA	NA	Loss	5261	0.0334694908225679	TRUE	TRUE	TRUE	TRUE	TRUE	TRUE	TRUE	TRUE	TRUE	TRUE	TRUE	TRUE	1.47535089459266	0.0715824656670828	2
CDKN2A	-0.640437099304813	0.188281992874008	-3.40147822704092	0.000670224672773505	8840.40495692764	3.87689878851991e-13	4373	136	644	38	No	Yes	Core-GI	NA	NA	Loss	5191	0.00686980289592843	TRUE	TRUE	TRUE	TRUE	TRUE	TRUE	TRUE	TRUE	TRUE	TRUE	TRUE	TRUE	2.16305572326631	0.0255565766479423	2
PTEN	-1.06203418464566	0.17813190866633	-5.96206593527846	2.49068599153637e-09	10098.3500238318	-9.82325332857637e-13	4751	224	308	42	No	Yes	Core-GI	NA	NA	Loss	5325	5.10590628264956e-08	TRUE	TRUE	TRUE	TRUE	TRUE	TRUE	TRUE	TRUE	TRUE	TRUE	TRUE	TRUE	7.29192716080119	0.0749748743718593	2
SETD2	-0.983059447237829	0.223249620823595	-4.40340925826079	1.0656286726681e-05	10833.8997968533	-1.47437617670241e-13	4860	169	269	25	No	Yes	Core-GI	NA	NA	Loss	5323	0.000174763102317568	TRUE	TRUE	TRUE	TRUE	TRUE	TRUE	TRUE	TRUE	TRUE	TRUE	TRUE	TRUE	3.75755025448981	0.0514289231301986	2
SMAD4	-0.664645670427731	0.0879404025460046	-7.55791025723395	4.09596473518869e-14	4524.04929255472	-3.93240995322236e-13	3381	345	1331	264	No	Yes	Core-GI	NA	NA	Loss	5321	1.67934554142736e-12	TRUE	TRUE	TRUE	TRUE	TRUE	TRUE	TRUE	TRUE	TRUE	TRUE	TRUE	TRUE	11.7748599344187	0.0729246487867178	2
TP53	-1.34717779705333	0.0903774118506603	-14.9061338388336	3.00664982715796e-50	2727.77230570044	5.54223333892797e-13	1731	2508	164	914	No	Yes	Core-GI	NA	NA	Loss	5317	2.46545285826953e-48	TRUE	TRUE	TRUE	TRUE	TRUE	TRUE	TRUE	TRUE	TRUE	TRUE	TRUE	TRUE	47.6081032971641	0.256217445480412	2
ERBB2	1.47823185644558	0.406056089531172	3.64046222814273	0.000272149031674534	6256.73184451729	-1.91846538655232e-13	2664	30	162	8	Yes	No	Developmental-GI-Tract	NA	NA	Gain	2864	0.00244934128507081	TRUE	TRUE	TRUE	TRUE	TRUE	TRUE	TRUE	TRUE	TRUE	TRUE	TRUE	TRUE	2.61095069715526	0.0359229660683873	1
ATRX	-1.2508715361176	0.355021154288704	-3.52337183575372	0.000426093117522422	6110.5733828162	4.17443857258791e-14	2641	54	140	10	No	Yes	Developmental-GI-Tract	NA	NA	Loss	2845	0.00184640350926383	TRUE	TRUE	TRUE	TRUE	TRUE	TRUE	TRUE	TRUE	TRUE	TRUE	TRUE	TRUE	2.733673383106	0.0466295609152752	2
AXIN1	-2.1568843128872	0.339373500861997	-6.35548829654873	2.07765568410899e-10	6158.97203046897	1.13686837721603e-13	2634	27	158	14	No	Yes	Developmental-GI-Tract	NA	NA	Loss	2833	1.62057143360501e-09	TRUE	TRUE	TRUE	TRUE	TRUE	TRUE	TRUE	TRUE	TRUE	TRUE	TRUE	TRUE	8.79033182082632	0.0712487873941428	2
BAP1	-1.74492816955482	0.229149648373481	-7.61479749997625	2.64105198793408e-14	5437.71745555791	-1.67865725852254e-13	2555	60	238	32	No	Yes	Developmental-GI-Tract	NA	NA	Loss	2885	3.4333675843143e-13	TRUE	TRUE	TRUE	TRUE	TRUE	TRUE	TRUE	TRUE	TRUE	TRUE	TRUE	TRUE	12.4642796975083	0.0955739678493025	2
CREBBP	-1.17997712326953	0.451778655020147	-2.61184788204947	0.00900543140662014	6259.7617173949	4.9293902293355e-13	2649	33	148	6	No	Yes	Developmental-GI-Tract	NA	NA	Loss	2836	0.0292676520715155	TRUE	TRUE	TRUE	TRUE	TRUE	TRUE	TRUE	TRUE	TRUE	TRUE	TRUE	TRUE	1.53361211642117	0.0266567884017548	2
DAXX	-3.02813017005411	0.267532778570414	-11.3187258258042	1.06001372916174e-29	5922.11048497853	4.20108392518135e-13	2551	33	116	31	No	Yes	Developmental-GI-Tract	NA	NA	Loss	2731	4.13405354373079e-28	TRUE	TRUE	TRUE	TRUE	TRUE	TRUE	TRUE	TRUE	TRUE	TRUE	TRUE	TRUE	27.3836239027459	0.198113455908679	2
GRIN2A	-1.30297783727963	0.427268241444772	-3.04955461438866	0.00229180959441494	6172.41093160494	5.12034858957121e-13	2634	30	167	7	No	Yes	Developmental-GI-Tract	NA	NA	Loss	2838	0.00893805741821827	TRUE	TRUE	TRUE	TRUE	TRUE	TRUE	TRUE	TRUE	TRUE	TRUE	TRUE	TRUE	2.04875685975227	0.02896862379621	2
PBRM1	-1.30968388966308	0.242733049774833	-5.39557300037213	6.83052137559501e-08	5369.81707794071	1.86517468136994e-13	2536	69	248	25	No	Yes	Developmental-GI-Tract	NA	NA	Loss	2878	3.32987917060257e-07	TRUE	TRUE	TRUE	TRUE	TRUE	TRUE	TRUE	TRUE	TRUE	TRUE	TRUE	TRUE	6.47757152520017	0.0650875675827691	2
SMAD4	-0.774587937271448	0.12961604234606	-5.97601904248383	2.28656284179812e-09	3201.21082736615	3.05533376375375e-13	2119	360	274	101	No	Yes	Developmental-GI-Tract	NA	NA	Loss	2854	1.2739421547161e-08	TRUE	TRUE	TRUE	TRUE	TRUE	TRUE	TRUE	TRUE	TRUE	TRUE	TRUE	TRUE	7.89485029135541	0.124113486620949	2
TP53	-0.770002744954844	0.125944313100144	-6.11383496404937	9.72648956386095e-10	1908.16369128701	-3.49498208154039e-13	1100	1390	96	262	No	Yes	Developmental-GI-Tract	NA	NA	Loss	2848	6.32221821650962e-09	TRUE	TRUE	TRUE	TRUE	TRUE	TRUE	TRUE	TRUE	TRUE	TRUE	TRUE	TRUE	8.19913051821007	0.173610643692087	2
TSC1	-1.16195652053719	0.421028678424055	-2.75980373804104	0.00578360953802204	6145.63093699975	1.3788969965843e-13	2630	36	160	7	No	Yes	Developmental-GI-Tract	NA	NA	Loss	2833	0.0205055247257145	TRUE	TRUE	TRUE	TRUE	TRUE	TRUE	TRUE	TRUE	TRUE	TRUE	TRUE	TRUE	1.68812911286435	0.0284127918207097	2
TSC2	-2.17935245257009	0.282616898410304	-7.71133100967695	1.24512251773882e-14	6064.79176270098	-4.2632564145607e-13	2623	46	129	20	No	Yes	Developmental-GI-Tract	NA	NA	Loss	2818	2.4279889095907e-13	TRUE	TRUE	TRUE	TRUE	TRUE	TRUE	TRUE	TRUE	TRUE	TRUE	TRUE	TRUE	12.6147533013342	0.116993268473978	2
APC	1.73460105538834	0.843080049248762	2.05745712632386	0.0396422749391146	945.591578626147	7.10542735748607e-15	408	6	24	2	No	Yes	Endocrine	NA	NA	Gain	440	0.0991056873477865	FALSE	TRUE	TRUE	TRUE	TRUE	TRUE	FALSE	TRUE	TRUE	TRUE	TRUE	TRUE	1.0039014220749	0.0624303232998885	2
CDKN2A	-2.23175229458508	0.640566502407057	-3.48402903710829	0.000493925898068229	729.910600605168	-2.22044604925032e-14	362	4	68	7	No	Yes	Endocrine	NA	NA	Loss	441	0.00246962949034115	TRUE	TRUE	TRUE	TRUE	TRUE	TRUE	TRUE	TRUE	TRUE	TRUE	TRUE	TRUE	2.60736819749747	0.0824043715846995	2
MEN1	-3.93285709233098	0.636560199023702	-6.17829562445601	6.47972985586449e-10	874.133887607208	2.8865798640254e-14	388	4	19	10	No	Yes	Endocrine	NA	NA	Loss	421	6.47972985586449e-09	TRUE	TRUE	TRUE	TRUE	TRUE	TRUE	TRUE	TRUE	TRUE	TRUE	TRUE	TRUE	8.18844309977029	0.334623504574244	2
KRAS	1.12498977595777	0.238915535050829	4.70873430527833	2.4925972762543e-06	7484.97065186456	2.4757973449139e-13	3462	83	325	24	Yes	No	Genitourinary	NA	NA	Gain	3894	0.000104689085602681	TRUE	TRUE	TRUE	TRUE	TRUE	TRUE	TRUE	TRUE	TRUE	TRUE	TRUE	TRUE	3.98009859348457	0.0453546501994415	1
PTPRT	0.658101335411626	0.26111263466734	2.52037338694871	0.0117230404896996	7855.65280040107	-3.95239396766622e-13	3623	110	307	18	No	Yes	Genitourinary	NA	NA	Gain	4058	0.0841332472264585	FALSE	TRUE	TRUE	TRUE	TRUE	TRUE	FALSE	TRUE	TRUE	TRUE	TRUE	TRUE	1.07503234862965	0.0259176986956253	2
RAC1	1.00073798673275	0.33369239088531	2.99898353713645	0.0027088194312483	7495.28787241599	6.22391027604858e-13	3451	31	532	13	Yes	No	Genitourinary	NA	NA	Gain	4027	0.0568852080562143	FALSE	TRUE	TRUE	TRUE	TRUE	TRUE	FALSE	TRUE	TRUE	TRUE	TRUE	TRUE	1.2450006491536	0.0149502816582266	1
RPTOR	0.996871693860351	0.352548093657928	2.82761901650672	0.00468955799069685	8453.32259128909	-1.36779476633885e-13	3678	49	277	10	Yes	No	Genitourinary	NA	NA	Gain	4014	0.0656538118697559	FALSE	TRUE	TRUE	TRUE	TRUE	TRUE	FALSE	TRUE	TRUE	TRUE	TRUE	TRUE	1.18274005364242	0.021695902113684	1
APC	-1.55388767469929	0.154508337094723	-10.0569827099147	8.55810947200048e-24	6851.69392986512	4.95381513568953e-13	3445	165	309	70	No	Yes	Genitourinary	NA	NA	Loss	3989	2.33921658901346e-22	TRUE	TRUE	TRUE	TRUE	TRUE	TRUE	TRUE	TRUE	TRUE	TRUE	TRUE	TRUE	21.6309295648268	0.138990198729709	2
BAP1	-1.16019285942471	0.21646710095062	-5.35967292179596	8.33727580415376e-08	7632.37234615659	-5.10702591328659e-15	3548	119	271	29	No	Yes	Genitourinary	NA	NA	Loss	3967	1.13942769323435e-06	TRUE	TRUE	TRUE	TRUE	TRUE	TRUE	TRUE	TRUE	TRUE	TRUE	TRUE	TRUE	5.9433132294355	0.0642150713571494	2
CDH1	-0.860483408384423	0.259019056121256	-3.32208533715605	0.000893473633167586	7096.21843846804	6.75015598971702e-14	3376	58	517	21	No	Yes	Genitourinary	NA	NA	Loss	3972	0.00814053754663801	TRUE	TRUE	TRUE	TRUE	TRUE	TRUE	TRUE	TRUE	TRUE	TRUE	TRUE	TRUE	2.08934691626183	0.0221435329625243	2
CDKN2A	-0.76501276913179	0.252524269777387	-3.02946235546463	0.00244989433107079	6463.08449233347	-2.42472708578166e-13	3181	49	725	24	No	Yes	Genitourinary	NA	NA	Loss	3979	0.0200891335147805	TRUE	TRUE	TRUE	TRUE	TRUE	TRUE	TRUE	TRUE	TRUE	TRUE	TRUE	TRUE	1.69703879485279	0.0168724449937378	2
JAK2	-0.86687413554497	0.309406977845469	-2.80172781357867	0.00508297388326775	7186.83448494388	2.35811370430372e-13	3369	37	574	15	Yes	No	Genitourinary	NA	NA	Loss	3995	0.0373660304373611	TRUE	TRUE	TRUE	TRUE	TRUE	TRUE	TRUE	TRUE	TRUE	TRUE	TRUE	TRUE	1.42752303676953	0.0146037104201414	1
NF2	-1.01884187507386	0.393179034118959	-2.59129248169831	0.00956161890418031	8534.63171965056	4.70734562441017e-14	3673	39	272	8	No	Yes	Genitourinary	NA	NA	Loss	3992	0.0603117500109835	FALSE	TRUE	TRUE	TRUE	TRUE	TRUE	FALSE	TRUE	TRUE	TRUE	TRUE	TRUE	1.21959806981976	0.0180649630541872	2
PBRM1	-1.90614761174204	0.146650373023787	-12.9979049656619	1.25740907104015e-38	6844.66719935846	6.2128080457575e-13	3427	193	227	86	No	Yes	Genitourinary	NA	NA	Loss	3933	5.15537719126461e-37	TRUE	TRUE	TRUE	TRUE	TRUE	TRUE	TRUE	TRUE	TRUE	TRUE	TRUE	TRUE	36.2877395542229	0.22144546625951	2
PTEN	-0.827248660324622	0.163933772912214	-5.04623693842276	4.50596564840234e-07	6512.04055060374	-1.15019105483078e-13	3391	188	418	53	No	Yes	Genitourinary	NA	NA	Loss	4050	4.6186147896124e-06	TRUE	TRUE	TRUE	TRUE	TRUE	TRUE	TRUE	TRUE	TRUE	TRUE	TRUE	TRUE	5.3354882580873	0.0599978999934152	2
RB1	-0.766529812151709	0.145962956339795	-5.2515366321251	1.50835526721073e-07	5518.04852079499	-1.10134124053511e-13	3119	156	706	76	No	Yes	Genitourinary	NA	NA	Loss	4057	1.76693045587543e-06	TRUE	TRUE	TRUE	TRUE	TRUE	TRUE	TRUE	TRUE	TRUE	TRUE	TRUE	TRUE	5.75278054343263	0.0495531129810039	2
SETD2	-1.10826859732861	0.188587676609532	-5.87667559860373	4.18587352249745e-09	7185.42509536447	6.54365449591349e-13	3466	175	255	39	No	Yes	Genitourinary	NA	NA	Loss	3935	6.86483257689582e-08	TRUE	TRUE	TRUE	TRUE	TRUE	TRUE	TRUE	TRUE	TRUE	TRUE	TRUE	TRUE	7.16337005009757	0.084589342465907	2
TP53	-1.16545258823246	0.0880361674601414	-13.2383385358082	5.27018199399562e-40	3015.54320730726	5.8397731095283e-13	2588	827	321	329	No	Yes	Genitourinary	NA	NA	Loss	4065	4.32154923507641e-38	TRUE	TRUE	TRUE	TRUE	TRUE	TRUE	TRUE	TRUE	TRUE	TRUE	TRUE	TRUE	37.3643605347523	0.263986935465706	2
TSC1	-1.87246589625024	0.19536960371975	-9.58422323943607	9.31559486576063e-22	7578.49895325817	1.46771483367782e-13	3511	87	273	44	No	Yes	Genitourinary	NA	NA	Loss	3915	1.90969694748093e-20	TRUE	TRUE	TRUE	TRUE	TRUE	TRUE	TRUE	TRUE	TRUE	TRUE	TRUE	TRUE	19.7190355460922	0.114621161774067	2
TP53	-2.24257503639024	0.153458928336289	-14.6135194654551	2.30306626307019e-48	1299.37285825541	-8.43769500437223e-14	969	1037	51	514	No	Yes	Gynecologic	NA	NA	Loss	2571	4.03036596037283e-46	TRUE	TRUE	TRUE	TRUE	TRUE	TRUE	TRUE	TRUE	TRUE	TRUE	TRUE	TRUE	45.3946555177908	0.392785360731963	2
ATR	1.43056342523402	0.422623740435948	3.38495756002337	0.000711892603901639	762.569460270099	2.88657986402521e-14	421	11	119	13	No	Yes	Head-and-Neck	NA	NA	Gain	564	0.00759352110828415	TRUE	TRUE	TRUE	TRUE	TRUE	TRUE	TRUE	TRUE	TRUE	TRUE	TRUE	TRUE	2.11955679547482	0.0730218855218855	2
CREBBP	1.92266503977491	0.459304989433681	4.18603125157761	2.83874280809172e-05	1038.03280473593	-1.31006316905794e-14	489	22	26	8	No	Yes	Head-and-Neck	NA	NA	Gain	545	0.000454198849294675	TRUE	TRUE	TRUE	TRUE	TRUE	TRUE	TRUE	TRUE	TRUE	TRUE	TRUE	TRUE	3.34275397039283	0.192241280073673	2
NFE2L2	1.30532529858622	0.488922353371271	2.66980081721689	0.00758962546077809	1042.78124119131	2.39808173319031e-14	498	27	30	6	Yes	No	Head-and-Neck	NA	NA	Gain	561	0.0607170036862247	FALSE	TRUE	TRUE	TRUE	TRUE	TRUE	FALSE	TRUE	TRUE	TRUE	TRUE	TRUE	1.21668966851321	0.115238095238095	1
PIK3CA	1.08442591891851	0.234501228923895	4.62439333002576	3.75696361720914e-06	402.738935927861	-1.70974353472356e-14	353	45	122	46	Yes	No	Head-and-Neck	NA	NA	Gain	566	0.000120222835750692	TRUE	TRUE	TRUE	TRUE	TRUE	TRUE	TRUE	TRUE	TRUE	TRUE	TRUE	TRUE	3.92001303234517	0.160744197176358	1
CYLD	-2.47939379671389	0.576536035717393	-4.3005009975287	1.70412404278681e-05	1065.59921784533	3.17523785042793e-14	491	6	48	7	No	Yes	Head-and-Neck	NA	NA	Loss	552	0.00148258791722452	TRUE	TRUE	TRUE	TRUE	TRUE	TRUE	TRUE	TRUE	TRUE	TRUE	TRUE	TRUE	2.8289795436073	0.115200292665081	2
FGFR2	-2.32584195515831	0.669323634140658	-3.4749138331929	0.000511017469138734	1199.38566620478	1.42108547152018e-14	522	6	34	4	Yes	No	Head-and-Neck	NA	NA	Loss	566	0.0109778621984588	TRUE	TRUE	TRUE	TRUE	TRUE	TRUE	TRUE	TRUE	TRUE	TRUE	TRUE	TRUE	1.95948222507787	0.0938995215311005	1
IFNGR1	-2.36382871823477	0.691589453557736	-3.41796524813174	0.000630911620601078	1150.75722730707	1.06581410364015e-13	505	5	38	4	No	Yes	Head-and-Neck	NA	NA	Loss	552	0.0109778621984588	TRUE	TRUE	TRUE	TRUE	TRUE	TRUE	TRUE	TRUE	TRUE	TRUE	TRUE	TRUE	1.95948222507787	0.0854341736694678	2
PTEN	-1.92667878712742	0.518274456909391	-3.7174874459697	0.000201213982268625	1132.30309050889	-8.88178419700198e-15	515	15	30	6	No	Yes	Head-and-Neck	NA	NA	Loss	566	0.00583520548579012	TRUE	TRUE	TRUE	TRUE	TRUE	TRUE	TRUE	TRUE	TRUE	TRUE	TRUE	TRUE	2.23394384574142	0.138364779874214	2
RB1	-1.68779853392465	0.423296936828959	-3.9872684800614	6.68383753313152e-05	908.942091293711	-7.61612994892878e-14	468	14	68	11	No	Yes	Head-and-Neck	NA	NA	Loss	561	0.00290746932691221	TRUE	TRUE	TRUE	TRUE	TRUE	TRUE	TRUE	TRUE	TRUE	TRUE	TRUE	TRUE	2.53648485827554	0.110194863175587	2
SMAD4	-2.21524308283891	0.752077416033	-2.94549874203603	0.00322434458900917	1169.01676756682	-2.464695114668e-14	504	5	33	3	No	Yes	Head-and-Neck	NA	NA	Loss	545	0.0400739970348283	TRUE	TRUE	TRUE	TRUE	TRUE	TRUE	TRUE	TRUE	TRUE	TRUE	TRUE	TRUE	1.39713733828612	0.0735101506221349	2
STK11	-2.31845844215034	0.690629052904557	-3.35702419757708	0.000787862171407371	1153.45848209072	4.44089209849439e-16	508	5	40	4	No	Yes	Head-and-Neck	NA	NA	Loss	557	0.0114240014854069	TRUE	TRUE	TRUE	TRUE	TRUE	TRUE	TRUE	TRUE	TRUE	TRUE	TRUE	TRUE	1.94218174909872	0.0811625022151338	2
BRAF	1.02118550586507	0.142408533611471	7.1708168040768	7.45516113651498e-13	622.382787288069	6.7279515291862e-14	698	263	130	136	Yes	No	Skin	NA	NA	Gain	1227	3.65302895689234e-11	TRUE	TRUE	TRUE	TRUE	TRUE	TRUE	TRUE	TRUE	TRUE	TRUE	TRUE	TRUE	10.4373468852015	0.237604938464788	1
KIT	2.01451847910318	0.274363379390223	7.34251955775033	2.09609881473555e-13	2110.78192948754	1.07025499573851e-13	1040	68	51	25	Yes	No	Skin	NA	NA	Gain	1184	2.05417683844084e-11	TRUE	TRUE	TRUE	TRUE	TRUE	TRUE	TRUE	TRUE	TRUE	TRUE	TRUE	TRUE	10.6873621719105	0.267575527265818	1
RNF43	1.06841192374881	0.32523461989109	3.28504980222149	0.00101964346935733	2093.45327043372	-1.9317880628478e-14	1046	39	129	14	No	Yes	Skin	NA	NA	Gain	1228	0.0333083533323394	TRUE	TRUE	TRUE	TRUE	TRUE	TRUE	TRUE	TRUE	TRUE	TRUE	TRUE	TRUE	1.47744683702829	0.0619573974412684	2
B2M	-2.44251955326836	0.420552658257684	-5.80788042902291	6.32686729580495e-09	2120.07723694066	-3.81916720471158e-14	1023	9	168	17	No	Yes	Skin	NA	NA	Loss	1217	4.04919506931517e-07	TRUE	TRUE	TRUE	TRUE	TRUE	TRUE	TRUE	TRUE	TRUE	TRUE	TRUE	TRUE	6.39263130066144	0.0831709616593338	2
BAP1	-2.34039924623605	0.25278027740096	-9.25863073772842	2.07070535169799e-20	2051.21903864538	1.37667652516324e-13	1042	43	84	36	No	Yes	Skin	NA	NA	Loss	1205	3.97575427526014e-18	TRUE	TRUE	TRUE	TRUE	TRUE	TRUE	TRUE	TRUE	TRUE	TRUE	TRUE	TRUE	17.4005804653704	0.26036866359447	2
INPPL1	-1.12538941832693	0.410242720841392	-2.74322824307228	0.00608383820890061	2278.01402354193	1.03472785895058e-13	1055	33	83	8	No	Yes	Skin	NA	NA	Loss	1179	0.0994586663164366	FALSE	TRUE	TRUE	TRUE	TRUE	TRUE	FALSE	TRUE	TRUE	TRUE	TRUE	TRUE	1.00235736870419	0.0575812055591467	2
NF1	-0.836200775278232	0.234633517056406	-3.56385901625985	0.000365442285907015	1465.71889366462	-3.48610067528788e-14	888	249	51	33	No	Yes	Skin	NA	NA	Loss	1221	0.0116941531490245	TRUE	TRUE	TRUE	TRUE	TRUE	TRUE	TRUE	TRUE	TRUE	TRUE	TRUE	TRUE	1.93203122285202	0.17385978137957	2
PPP6C	-0.872541646386929	0.290703980114158	-3.00147815672936	0.00268672314208124	1749.22983100876	2.57571741713018e-14	948	39	193	19	No	Yes	Skin	NA	NA	Loss	1199	0.0644813554099498	FALSE	TRUE	TRUE	TRUE	TRUE	TRUE	FALSE	TRUE	TRUE	TRUE	TRUE	TRUE	1.19056584215714	0.0501089636978838	2
PTEN	-1.42399460492567	0.203694461104762	-6.99083616315564	2.73252715983775e-12	1415.95730337156	-1.47881707074776e-13	909	54	231	57	No	Yes	Skin	NA	NA	Loss	1251	2.62322607344424e-10	TRUE	TRUE	TRUE	TRUE	TRUE	TRUE	TRUE	TRUE	TRUE	TRUE	TRUE	TRUE	9.58116427966566	0.141841900311526	2
TP53	-0.672070333551328	0.172426427477861	-3.89772231195604	9.71016688889298e-05	1005.47008711148	6.88338274998101e-14	796	267	102	67	No	Yes	Skin	NA	NA	Loss	1232	0.00466088010666863	TRUE	TRUE	TRUE	TRUE	TRUE	TRUE	TRUE	TRUE	TRUE	TRUE	TRUE	TRUE	2.33153206842161	0.145273786926584	2
ROS1	1.97340328963551	0.525438062543397	3.75572960984821	0.00017283721840812	1308.49479068883	-2.88657986402551e-14	590	12	41	6	Yes	No	Soft-Tissue	NA	NA	Gain	649	0.00466660489701924	TRUE	TRUE	TRUE	TRUE	TRUE	TRUE	TRUE	TRUE	TRUE	TRUE	TRUE	TRUE	2.33099896755455	0.107726019650809	1
MED12	-1.35654588571912	0.382888737217728	-3.54292449440142	0.000395715984350586	1078.57297973731	5.37347943918572e-14	563	20	87	12	Yes	Yes	Soft-Tissue	NA	NA	Loss	682	0.00567192910902507	TRUE	TRUE	TRUE	TRUE	TRUE	TRUE	TRUE	TRUE	TRUE	TRUE	TRUE	TRUE	2.2462692058489	0.086906803887936	3
NF1	-1.47874225191037	0.469617050192837	-3.14882573216445	0.00163927919168773	1307.02275493286	5.41788836017065e-14	618	17	58	7	No	Yes	Soft-Tissue	NA	NA	Loss	700	0.0176222513106431	TRUE	TRUE	TRUE	TRUE	TRUE	TRUE	TRUE	TRUE	TRUE	TRUE	TRUE	TRUE	1.75393860958276	0.0809206541490006	2
RB1	-1.33300455251819	0.260428220307036	-5.11851039394512	3.07958268698903e-07	634.865742025298	2.19824158875774e-14	447	26	204	45	No	Yes	Soft-Tissue	NA	NA	Loss	722	6.62110277702641e-06	TRUE	TRUE	TRUE	TRUE	TRUE	TRUE	TRUE	TRUE	TRUE	TRUE	TRUE	TRUE	5.17906967066739	0.125754604039838	2
TP53	-1.91220941018566	0.212997379119737	-8.97761943404341	2.76688234649856e-19	477.67173140483	-4.68514124346564e-14	432	137	41	88	No	Yes	Soft-Tissue	NA	NA	Loss	698	1.18975940899438e-17	TRUE	TRUE	TRUE	TRUE	TRUE	TRUE	TRUE	TRUE	TRUE	TRUE	TRUE	TRUE	16.9245408519773	0.441397256168172	2
ASXL1	0.802862949997467	0.275328297713508	2.91602046235321	0.00354527248466552	10674.7493480128	9.32587340684285e-14	4730	98	346	16	No	Yes	Thoracic	NA	NA	Gain	5190	0.0141810899386621	TRUE	TRUE	TRUE	TRUE	TRUE	TRUE	TRUE	TRUE	TRUE	TRUE	TRUE	TRUE	1.84829038860603	0.0239006348784942	2
ATR	0.946260839182112	0.187758082937628	5.03978749877018	4.66049032069655e-07	9534.93195789558	-1.74305016213347e-13	4534	157	426	38	No	Yes	Thoracic	NA	NA	Gain	5155	6.52468644897517e-06	TRUE	TRUE	TRUE	TRUE	TRUE	TRUE	TRUE	TRUE	TRUE	TRUE	TRUE	TRUE	5.18544035398996	0.0484282080873867	2
AXIN2	0.756927777153566	0.331653178297851	2.28228712005221	0.0224723944648621	10873.7542701822	-9.32587340685149e-15	4764	61	403	11	No	Yes	Thoracic	NA	NA	Gain	5239	0.0547153952187947	FALSE	TRUE	TRUE	TRUE	TRUE	TRUE	FALSE	TRUE	TRUE	TRUE	TRUE	TRUE	1.26189045944615	0.0139275612625466	2
BRIP1	0.967238792955375	0.270463634591599	3.57622493100009	0.000348591744474649	10837.658410976	-3.04867242562159e-13	4779	89	347	17	No	Yes	Thoracic	NA	NA	Gain	5232	0.00216901529895337	TRUE	TRUE	TRUE	TRUE	TRUE	TRUE	TRUE	TRUE	TRUE	TRUE	TRUE	TRUE	2.66373738471813	0.028420634418991	2
CIC	0.875867381967509	0.303333767734727	2.88747075048195	0.00388352711844819	10669.9060065197	1.47659662275131e-13	4632	88	285	13	No	Yes	Thoracic	NA	NA	Gain	5018	0.0144985012422066	TRUE	TRUE	TRUE	TRUE	TRUE	TRUE	TRUE	TRUE	TRUE	TRUE	TRUE	TRUE	1.83867688989476	0.0249800932772153	2
CREBBP	0.461424964003691	0.224011357672586	2.05982843369088	0.0394149453106745	9536.86140004803	-2.39808173319068e-13	4488	175	388	24	No	Yes	Thoracic	NA	NA	Gain	5075	0.0882894774959109	FALSE	TRUE	TRUE	TRUE	TRUE	TRUE	FALSE	TRUE	TRUE	TRUE	TRUE	TRUE	1.05409105336211	0.0207229397300375	2
DDR2	0.528723732363686	0.207615865418172	2.54664416565059	0.0108764275411656	8380.09435086064	4.03010954329457e-13	4187	87	936	33	Yes	No	Thoracic	NA	NA	Gain	5243	0.0320568390686986	TRUE	TRUE	TRUE	TRUE	TRUE	TRUE	TRUE	TRUE	TRUE	TRUE	TRUE	TRUE	1.4940793030268	0.0137000888082741	1
DNMT3B	1.06656585981055	0.322454323009439	3.30764943653534	0.000940825013006576	11059.896497689	2.59570143157352e-13	4775	57	346	12	No	Yes	Thoracic	NA	NA	Gain	5190	0.00526862007283683	TRUE	TRUE	TRUE	TRUE	TRUE	TRUE	TRUE	TRUE	TRUE	TRUE	TRUE	TRUE	2.2783031178477	0.0217231954567317	2
EGFR	1.68583333423026	0.0758839379213946	22.2159442486571	2.40865410989556e-109	4176.14758900108	-3.59268170768726e-13	3502	708	472	515	Yes	No	Thoracic	NA	NA	Gain	5197	1.34884630154151e-107	TRUE	TRUE	TRUE	TRUE	TRUE	TRUE	TRUE	TRUE	TRUE	TRUE	TRUE	TRUE	106.870037534535	0.353612159979977	1
EPHB1	0.562135840273713	0.21789673186041	2.57982685409816	0.00988498636413564	9458.67218522586	1.83852932877891e-13	4466	155	427	26	No	Yes	Thoracic	NA	NA	Gain	5074	0.0307532909106442	TRUE	TRUE	TRUE	TRUE	TRUE	TRUE	TRUE	TRUE	TRUE	TRUE	TRUE	TRUE	1.5121084035354	0.0238526202244958	2
ERBB2	1.15073359431505	0.218045295439934	5.27749792534299	1.30959686754998e-07	10591.8065238025	-3.22852855561003e-13	4741	154	263	27	Yes	No	Thoracic	NA	NA	Gain	5185	2.44458081942663e-06	TRUE	TRUE	TRUE	TRUE	TRUE	TRUE	TRUE	TRUE	TRUE	TRUE	TRUE	TRUE	5.61179560010569	0.0616427741185587	1
FGFR1	0.889081203130901	0.386470896557297	2.30051269332538	0.0214191909970798	10352.2629851798	7.41184891239749e-13	4423	48	303	8	Yes	No	Thoracic	NA	NA	Gain	4782	0.0545215770834759	FALSE	TRUE	TRUE	TRUE	TRUE	TRUE	FALSE	TRUE	TRUE	TRUE	TRUE	TRUE	1.26343159031453	0.0149876193921384	1
GATA2	0.762464872383506	0.365871986767611	2.08396625038089	0.0371632372872496	10797.7187092193	2.69118061169136e-13	4692	50	394	9	Yes	No	Thoracic	NA	NA	Gain	5145	0.0867142203369157	FALSE	TRUE	TRUE	TRUE	TRUE	TRUE	FALSE	TRUE	TRUE	TRUE	TRUE	TRUE	1.06190967637111	0.0117884319731914	1
IL7R	0.831827220054082	0.199225354500145	4.17530801810407	2.97583128052494e-05	8145.29048210127	1.33226681967726e-15	4094	71	1029	41	Yes	No	Thoracic	NA	NA	Gain	5235	0.000238066502441995	TRUE	TRUE	TRUE	TRUE	TRUE	TRUE	TRUE	TRUE	TRUE	TRUE	TRUE	TRUE	3.6233017084508	0.0212709382818548	1
KMT2B	0.74285381178048	0.251031376733282	2.95920701805239	0.00308431828113023	9989.12482820801	-3.15303338993593e-13	4574	94	463	20	No	Yes	Thoracic	NA	NA	Gain	5151	0.0137955645378231	TRUE	TRUE	TRUE	TRUE	TRUE	TRUE	TRUE	TRUE	TRUE	TRUE	TRUE	TRUE	1.86026052275676	0.0212707638101625	2
KRAS	0.374386310869272	0.127014072991222	2.94759708158597	0.00320254176770893	5930.61616750765	-1.28341781648242e-13	3522	1261	194	101	Yes	No	Thoracic	NA	NA	Gain	5078	0.0137955645378231	TRUE	TRUE	TRUE	TRUE	TRUE	TRUE	TRUE	TRUE	TRUE	TRUE	TRUE	TRUE	1.86026052275676	0.0787308157067581	1
MAP3K13	0.927112736661931	0.290032456914603	3.19658270844808	0.00139065950995362	9915.31109980163	4.1633363423442e-13	4503	51	559	16	Yes	No	Thoracic	NA	NA	Gain	5129	0.00707972114158207	TRUE	TRUE	TRUE	TRUE	TRUE	TRUE	TRUE	TRUE	TRUE	TRUE	TRUE	TRUE	2.14998384810927	0.0166271409749671	1
NOTCH4	0.670104979768188	0.244154458906303	2.74459447830665	0.00605857122373224	10318.7491515317	-2.29594121492482e-13	4659	174	274	20	Yes	Yes	Thoracic	NA	NA	Gain	5127	0.0199576463840591	TRUE	TRUE	TRUE	TRUE	TRUE	TRUE	TRUE	TRUE	TRUE	TRUE	TRUE	TRUE	1.69989067661004	0.0320247279544965	3
PARP1	0.691729022226003	0.292865118597549	2.36193721375391	0.0181797208705401	9423.33740667265	3.65707464311524e-13	4404	46	767	16	No	Yes	Thoracic	NA	NA	Gain	5233	0.0509032184375123	FALSE	TRUE	TRUE	TRUE	TRUE	TRUE	FALSE	TRUE	TRUE	TRUE	TRUE	TRUE	1.29325475783095	0.0100971486790937	2
PIK3CA	0.75926158167282	0.140533344532051	5.40271480907977	6.56397777629211e-08	8030.31636063649	-6.83009204764769e-13	4262	264	544	72	Yes	No	Thoracic	NA	NA	Gain	5142	1.83791377736179e-06	TRUE	TRUE	TRUE	TRUE	TRUE	TRUE	TRUE	TRUE	TRUE	TRUE	TRUE	TRUE	5.73567486666826	0.0585534659772397	1
PIK3CG	0.720439614407276	0.18869175316186	3.81807684933259	0.000134496033361147	9404.39064440731	6.05737680272019e-13	4519	194	408	36	Yes	No	Thoracic	NA	NA	Gain	5157	0.000941472233528029	TRUE	TRUE	TRUE	TRUE	TRUE	TRUE	TRUE	TRUE	TRUE	TRUE	TRUE	TRUE	3.02619248393556	0.0399183397273786	1
PTPRT	0.784489101191962	0.171993529096268	4.5611547441001	5.08730710095481e-06	9288.16772317566	-3.43280959696826e-13	4527	303	300	44	No	Yes	Thoracic	NA	NA	Gain	5174	5.69778395306939e-05	TRUE	TRUE	TRUE	TRUE	TRUE	TRUE	TRUE	TRUE	TRUE	TRUE	TRUE	TRUE	4.24429402223741	0.0651740574895277	2
SDHA	0.736041299079537	0.266974054203061	2.75697689528924	0.00583384735205407	8006.49484241308	8.8240525997207e-13	3900	35	1281	24	No	Yes	Thoracic	NA	NA	Gain	5240	0.0199576463840591	TRUE	TRUE	TRUE	TRUE	TRUE	TRUE	TRUE	TRUE	TRUE	TRUE	TRUE	TRUE	1.69989067661004	0.00949626838423228	2
TP63	0.97894018623493	0.224622020759086	4.35816658993053	1.31156536914407e-05	9303.06776500623	2.69340105773976e-13	4382	78	591	28	Yes	Yes	Thoracic	NA	NA	Gain	5079	0.00012241276778678	TRUE	TRUE	TRUE	TRUE	TRUE	TRUE	TRUE	TRUE	TRUE	TRUE	TRUE	TRUE	3.91217328243424	0.0277454595507002	3
TSHR	0.762853329726709	0.325945028615283	2.34043554205306	0.019261262938705	10849.055059091	-2.97539770599557e-14	4681	87	276	11	Yes	No	Thoracic	NA	NA	Gain	5055	0.0513633678365467	FALSE	TRUE	TRUE	TRUE	TRUE	TRUE	FALSE	TRUE	TRUE	TRUE	TRUE	TRUE	1.28934650781935	0.0200808818371022	1
APC	-0.915397475899476	0.170444279663908	-5.37065531154526	7.84510339526774e-08	9155.94755885498	6.36379837409779e-13	4476	188	448	47	No	Yes	Thoracic	NA	NA	Loss	5159	1.06469260364348e-06	TRUE	TRUE	TRUE	TRUE	TRUE	TRUE	TRUE	TRUE	TRUE	TRUE	TRUE	TRUE	5.97277576294033	0.0546407470935773	2
ATM	-0.939933544670905	0.181071780934848	-5.19094438580191	2.09230119465896e-07	9597.11749051399	-6.35047579496061e-14	4558	307	232	40	No	Yes	Thoracic	NA	NA	Loss	5137	2.20854014991779e-06	TRUE	TRUE	TRUE	TRUE	TRUE	TRUE	TRUE	TRUE	TRUE	TRUE	TRUE	TRUE	5.65589470112406	0.0839550208572638	2
CYLD	-1.65812255241201	0.316807632986527	-5.23384659889975	1.66018251056568e-07	11122.750991826	1.68531855137942e-13	4738	39	324	14	No	Yes	Thoracic	NA	NA	Loss	5115	1.97146673129675e-06	TRUE	TRUE	TRUE	TRUE	TRUE	TRUE	TRUE	TRUE	TRUE	TRUE	TRUE	TRUE	5.70521054729284	0.0332559986027724	2
ERCC5	-0.763078367277036	0.275784326784168	-2.76693884737776	0.00565853684312911	9791.75281961982	8.14903700074803e-13	4480	66	538	17	No	Yes	Thoracic	NA	NA	Loss	5101	0.0316212352998391	TRUE	TRUE	TRUE	TRUE	TRUE	TRUE	TRUE	TRUE	TRUE	TRUE	TRUE	TRUE	1.50002116813485	0.0161123728215677	2
FAT1	-0.49106905760329	0.151580928255433	-3.23964936258852	0.00119676768249895	8360.10153080894	-1.56541446552016e-13	4379	325	470	57	No	Yes	Thoracic	NA	NA	Loss	5231	0.0081209235598143	TRUE	TRUE	TRUE	TRUE	TRUE	TRUE	TRUE	TRUE	TRUE	TRUE	TRUE	TRUE	2.09039457739397	0.039069256734952	2
FBXW7	-0.712222799463506	0.261747411361348	-2.72103091969175	0.00650786741063808	10322.840912421	9.3525187594416e-13	4675	96	430	18	No	Yes	Thoracic	NA	NA	Loss	5219	0.0343470780005899	TRUE	TRUE	TRUE	TRUE	TRUE	TRUE	TRUE	TRUE	TRUE	TRUE	TRUE	TRUE	1.46411020364657	0.0200570036230799	2
FOXP1	-0.869523144719145	0.295659090637784	-2.94096536265279	0.00327191118229124	9683.71018602656	5.62216939670096e-13	4469	43	697	16	Yes	Yes	Thoracic	NA	NA	Loss	5225	0.0194269726448542	TRUE	TRUE	TRUE	TRUE	TRUE	TRUE	TRUE	TRUE	TRUE	TRUE	TRUE	TRUE	1.71159487135445	0.0129102508629007	3
JAK2	-0.967115899146811	0.214522055254776	-4.5082352861025	6.53690615075689e-06	8592.78383965756	-3.01092487234083e-13	4192	66	821	34	Yes	No	Thoracic	NA	NA	Loss	5113	5.64550985747186e-05	TRUE	TRUE	TRUE	TRUE	TRUE	TRUE	TRUE	TRUE	TRUE	TRUE	TRUE	TRUE	4.24829682995027	0.0242658470193018	1
KEAP1	-1.12412922711675	0.116367702193176	-9.66014801298256	4.45220232498165e-22	7453.82200388818	3.28626015285176e-14	4180	538	308	122	No	Yes	Thoracic	NA	NA	Loss	5148	1.05739805218314e-20	TRUE	TRUE	TRUE	TRUE	TRUE	TRUE	TRUE	TRUE	TRUE	TRUE	TRUE	TRUE	19.9757614939374	0.169689561008311	2
NF2	-0.991977517133094	0.248708537995791	-3.98851412632196	6.64884442845527e-05	10226.8431570417	3.87023746384271e-13	4616	86	418	21	No	Yes	Thoracic	NA	NA	Loss	5141	0.000485877092848654	TRUE	TRUE	TRUE	TRUE	TRUE	TRUE	TRUE	TRUE	TRUE	TRUE	TRUE	TRUE	3.31347357569299	0.0295459015646906	2
PTEN	-1.77646930088537	0.165265453756537	-10.7491872046193	5.97861132525539e-27	10006.4403751236	-2.13828954598566e-13	4673	130	365	60	No	Yes	Thoracic	NA	NA	Loss	5228	2.83984037949631e-25	TRUE	TRUE	TRUE	TRUE	TRUE	TRUE	TRUE	TRUE	TRUE	TRUE	TRUE	TRUE	24.5467060699009	0.114110053765416	2
PTPRD	-0.301562898422852	0.123468335860533	-2.44243105992366	0.014588715672574	6527.37096430907	-6.35491659297977e-13	3896	335	800	93	No	Yes	Thoracic	NA	NA	Loss	5124	0.0666888802168654	FALSE	TRUE	TRUE	TRUE	TRUE	TRUE	FALSE	TRUE	TRUE	TRUE	TRUE	TRUE	1.17594657482485	0.0249658376569463	2
RASA1	-1.06777039558951	0.211043786830711	-5.05947325730097	4.20416233328241e-07	9769.41728206571	4.73843181326552e-13	4551	100	485	31	No	Yes	Thoracic	NA	NA	Loss	5167	3.99395421661829e-06	TRUE	TRUE	TRUE	TRUE	TRUE	TRUE	TRUE	TRUE	TRUE	TRUE	TRUE	TRUE	5.39859691782886	0.0385767668535065	2
RB1	-1.51702150130577	0.104402010556041	-14.5305774594395	7.75638058252316e-48	7131.50787373032	3.03979064142228e-13	4169	276	613	185	No	Yes	Thoracic	NA	NA	Loss	5243	7.368561553397e-46	TRUE	TRUE	TRUE	TRUE	TRUE	TRUE	TRUE	TRUE	TRUE	TRUE	TRUE	TRUE	45.1326172842433	0.169737335464646	2
SMAD4	-0.991257982086743	0.176354745734257	-5.62081829983999	1.90055080081944e-08	8842.91315301905	-4.283240432049e-13	4356	126	603	47	No	Yes	Thoracic	NA	NA	Loss	5132	3.00920543463078e-07	TRUE	TRUE	TRUE	TRUE	TRUE	TRUE	TRUE	TRUE	TRUE	TRUE	TRUE	TRUE	6.52154816251548	0.0441952425084955	2
SMARCA4	-0.652827218170634	0.156424077840288	-4.17344456930206	3.00028681950894e-05	8631.02064923406	2.29594121377026e-13	4401	314	394	54	No	Yes	Thoracic	NA	NA	Loss	5163	0.000237522706544458	TRUE	TRUE	TRUE	TRUE	TRUE	TRUE	TRUE	TRUE	TRUE	TRUE	TRUE	TRUE	3.62429486664717	0.0539397439781851	2
STK11	-0.900614504572459	0.112323386797945	-8.01804976013185	1.07437285702188e-15	7066.5187753688	-5.68434188611113e-14	4116	556	379	126	No	Yes	Thoracic	NA	NA	Loss	5177	2.04130842834157e-14	TRUE	TRUE	TRUE	TRUE	TRUE	TRUE	TRUE	TRUE	TRUE	TRUE	TRUE	TRUE	13.6900913712727	0.130498101179981	2
TET1	-0.64499619825951	0.245480120989827	-2.62748851376947	0.00860177458145059	10329.2291425592	-7.96696042471042e-13	4695	138	357	20	No	Yes	Thoracic	NA	NA	Loss	5210	0.0430088729072529	TRUE	TRUE	TRUE	TRUE	TRUE	TRUE	TRUE	TRUE	TRUE	TRUE	TRUE	TRUE	1.36644193844043	0.0244967045198215	2
TGFBR1	-0.812993205582275	0.333376757459128	-2.43866192646003	0.0147417524689913	10782.556010529	-4.31876756579216e-13	4720	57	404	11	No	Yes	Thoracic	NA	NA	Loss	5192	0.0666888802168654	FALSE	TRUE	TRUE	TRUE	TRUE	TRUE	FALSE	TRUE	TRUE	TRUE	TRUE	TRUE	1.17594657482485	0.0145738490911521	2
TP53	-0.854432034833679	0.0810779366426704	-10.5384037904093	5.7465959462655e-26	2797.32618055967	2.59792187762273e-13	2233	2166	254	579	No	Yes	Thoracic	NA	NA	Loss	5232	1.81975538298408e-24	TRUE	TRUE	TRUE	TRUE	TRUE	TRUE	TRUE	TRUE	TRUE	TRUE	TRUE	TRUE	23.7399869872678	0.202693398341378	2
TSC1	-1.0093914310595	0.321093183865779	-3.14360902622409	0.00166878237820056	10968.3792658461	-2.36921593455074e-13	4747	60	346	12	No	Yes	Thoracic	NA	NA	Loss	5165	0.0105689550619369	TRUE	TRUE	TRUE	TRUE	TRUE	TRUE	TRUE	TRUE	TRUE	TRUE	TRUE	TRUE	1.97596794866872	0.0210377556938031	2
