Estimate	Std_Error	z_value	P_value	Null_deviance	Residual_deviance	MutACNVMutB	NoMutACNVMutB	MutAWTMutB	NoMutAWTMutB	MutACNVNoMutB	NoMutACNVNoMutB	MutAWTNoMutB	NoMutAWTNoMutB	Genes	GeneA	Is.GeneA.OG	Is.GeneA.TSG	GeneB	Is.GeneB.OG	Is.GeneB.TSG	Tissue	CNA_type	Stage	Size	Adj_Pval_subset	SIG_FDR05_subset	SIG_FDR10_subset	SIG_FDR20_subset	SIG_WOFDR	LogP
-1.71610511401581	0.72341455707618	-2.37222916960889	0.0176811202433982	3808.72241267345	3.1752378504279e-14	4	20	9	16	48	638	38	999	PTPRT_ASXL1	PTPRT	No	Yes	ASXL1	No	Yes	Core-GI	Gain	Metastasis	1772	0.998467684140201	FALSE	FALSE	FALSE	TRUE	0.000665986703848771
-2.7463495358241	1.18001307404569	-2.32738907409578	0.0199445667483034	3898.28210838646	-6.79456512881277e-14	1	18	5	11	51	640	42	1004	PTPRT_FLT1	PTPRT	No	Yes	FLT1	Yes	No	Core-GI	Gain	Metastasis	1772	0.998467684140201	FALSE	FALSE	FALSE	TRUE	0.000665986703848771
-1.48371647412741	0.539820336375615	-2.74853756731206	0.00598617746181414	7212.76610008683	-6.75015598972289e-14	5	36	36	65	85	1161	136	2054	PTPRT_ATRX	PTPRT	No	Yes	ATRX	No	Yes	Core-GI	Gain	Primary	3578	0.843422009501395	FALSE	FALSE	FALSE	TRUE	0.0739550700507191
-1.19673841803737	0.579372291391539	-2.06557758425595	0.0388683828063001	6943.78051503618	4.44533299059909e-13	4	31	42	112	86	1166	130	2007	PTPRT_BRCA2	PTPRT	No	Yes	BRCA2	No	Yes	Core-GI	Gain	Primary	3578	0.843422009501395	FALSE	FALSE	FALSE	TRUE	0.0739550700507191
-1.34144276770551	0.531738988617625	-2.52274667914213	0.0116442249023661	7007.92604386278	-3.90798504668187e-14	5	43	36	89	85	1154	136	2030	PTPRT_CARD11	PTPRT	No	Yes	CARD11	Yes	No	Core-GI	Gain	Primary	3578	0.843422009501395	FALSE	FALSE	FALSE	TRUE	0.0739550700507191
-1.74515097577632	0.770013943020736	-2.26638879931208	0.0234275887709954	7062.73384828927	2.5424107263904e-13	2	34	30	96	88	1163	142	2023	PTPRT_ERBB2	PTPRT	No	Yes	ERBB2	Yes	No	Core-GI	Gain	Primary	3578	0.843422009501395	FALSE	FALSE	FALSE	TRUE	0.0739550700507191
-2.50026232007121	1.06897743436494	-2.33892899858692	0.019339108409502	7601.50628345814	-5.24025289368567e-14	1	16	28	40	89	1181	144	2079	PTPRT_ERCC5	PTPRT	No	Yes	ERCC5	No	Yes	Core-GI	Gain	Primary	3578	0.843422009501395	FALSE	FALSE	FALSE	TRUE	0.0739550700507191
2.92713291844099	1.32950778014811	2.2016666334325	0.0276888653125315	9951.19012679553	-5.47784042537515e-13	2	1	22	97	5	166	183	2869	AMER1_GNAS	AMER1	No	Yes	GNAS	Yes	No	Core-GI	Gain	Primary	3345	0.843422009501395	FALSE	FALSE	FALSE	TRUE	0.0739550700507191
-2.59188448946995	1.07733890504152	-2.40582093280115	0.0161361718624697	7689.30198819561	-1.63202786826232e-13	1	23	16	28	89	1174	156	2091	PTPRT_HGF	PTPRT	No	Yes	HGF	Yes	No	Core-GI	Gain	Primary	3578	0.843422009501395	FALSE	FALSE	FALSE	TRUE	0.0739550700507191
-1.67097255221622	0.8014470849886	-2.08494432572549	0.037074354494779	7577.03004145977	-1.5520917884267e-13	2	22	19	40	88	1175	153	2079	PTPRT_INHBA	PTPRT	No	Yes	INHBA	Yes	Yes	Core-GI	Gain	Primary	3578	0.843422009501395	FALSE	FALSE	FALSE	TRUE	0.0739550700507191
-1.0132733465665	0.470512697467612	-2.15355154498513	0.0312753576970708	6909.81287160201	-3.32622818177729e-13	7	42	42	102	83	1155	130	2017	PTPRT_KMT2C	PTPRT	No	Yes	KMT2C	No	Yes	Core-GI	Gain	Primary	3578	0.843422009501395	FALSE	FALSE	FALSE	TRUE	0.0739550700507191
2.24140007391611	1.0600506827291	2.11442727261457	0.0344787903430676	11297.653849239	3.02646796512691e-13	3	6	11	116	2	216	52	3148	HGF_PIK3CG	HGF	Yes	No	PIK3CG	Yes	No	Core-GI	Gain	Primary	3554	0.843422009501395	FALSE	FALSE	FALSE	TRUE	0.0739550700507191
2.99604580232276	1.25250402875364	2.3920448426055	0.0167547951592983	11641.2167314568	5.79536418854123e-13	2	2	5	75	3	220	58	3189	HGF_RBM10	HGF	Yes	No	RBM10	No	Yes	Core-GI	Gain	Primary	3554	0.843422009501395	FALSE	FALSE	FALSE	TRUE	0.0739550700507191
2.69298113025798	1.36231463465834	1.97676884747947	0.0480677645416278	10536.0841672077	-5.01376720106366e-13	2	1	9	30	5	166	196	2936	AMER1_SDHA	AMER1	No	Yes	SDHA	No	Yes	Core-GI	Gain	Primary	3345	0.843422009501395	FALSE	FALSE	FALSE	TRUE	0.0739550700507191
2.78161114228175	1.3678133875511	2.03361888953425	0.0419900357953687	10551.5677747666	-2.47357692072282e-13	2	1	8	29	5	166	197	2937	AMER1_SRC	AMER1	No	Yes	SRC	Yes	No	Core-GI	Gain	Primary	3345	0.843422009501395	FALSE	FALSE	FALSE	TRUE	0.0739550700507191
3.71356701999293	1.70941480516138	2.1724200637436	0.029823993009589	5881.27724300206	2.16937574637887e-13	2	1	1	47	3	124	17	1611	KMT2B_GNAS	KMT2B	No	Yes	GNAS	Yes	No	Developmental-GI-Tract	Gain	Primary	1806	0.178943958057534	FALSE	FALSE	TRUE	TRUE	0.747282960736235
-4.39855593653205	2.02892949106079	-2.16791956345034	0.0301648070914054	652.866562309538	8.43769061372057e-15	1	2	2	2	2	9	1	183	PTPRT_TSHR	PTPRT	No	Yes	TSHR	Yes	No	Endocrine	Gain	Primary	202	0.765597018307665	FALSE	FALSE	FALSE	TRUE	0.11599976663018
3.07521750613947	1.46604630618963	2.09762644819331	0.0359381568461722	4167.85850811055	-6.77236066889067e-14	2	4	1	34	3	126	36	1187	ASXL1_ERBB3	ASXL1	No	Yes	ERBB3	Yes	No	Genitourinary	Gain	Metastasis	1393	0.998205964991848	FALSE	FALSE	FALSE	TRUE	0.000779839243184543
1.37100907431515	0.685399523006581	2.00030643193487	0.0454671849216979	3122.5379558372	2.17603712826527e-14	6	17	9	70	10	180	81	1016	PIK3CA_KMT2D	PIK3CA	Yes	No	KMT2D	No	Yes	Genitourinary	Gain	Metastasis	1389	0.998205964991848	FALSE	FALSE	FALSE	TRUE	0.000779839243184543
2.91356893883055	1.46673735616551	1.98642853581331	0.0469857607086938	3626.71756092266	-6.92779189234459e-14	2	1	2	16	14	196	88	1070	PIK3CA_RBM10	PIK3CA	Yes	No	RBM10	No	Yes	Genitourinary	Gain	Metastasis	1389	0.998205964991848	FALSE	FALSE	FALSE	TRUE	0.000779839243184543
4.46653774238162	1.66474119708685	2.68302229211224	0.00729601268659769	3920.73359101695	-5.55111949546178e-15	3	3	1	31	1	205	15	1095	TP63_STAG2	TP63	Yes	Yes	STAG2	No	Yes	Genitourinary	Gain	Metastasis	1354	0.998205964991848	FALSE	FALSE	FALSE	TRUE	0.000779839243184543
2.8658766566164	1.40789145509859	2.03558068787037	0.0417924786569961	3866.01832816211	9.54791779315433e-14	3	1	2	26	12	64	95	1125	FOXA1_TET1	FOXA1	Yes	Yes	TET1	No	Yes	Genitourinary	Gain	Metastasis	1328	0.998205964991848	FALSE	FALSE	FALSE	TRUE	0.000779839243184543
2.82954324448049	1.2208973770847	2.31759302426955	0.0204714496805353	3662.20508476438	-7.88258347486211e-14	2	9	2	119	3	121	35	1102	ASXL1_VHL	ASXL1	No	Yes	VHL	No	Yes	Genitourinary	Gain	Metastasis	1393	0.998205964991848	FALSE	FALSE	FALSE	TRUE	0.000779839243184543
-1.80900464947584	0.873021142594912	-2.07212009104255	0.038254243114895	8335.76091702628	-3.28626015289125e-13	2	14	13	50	14	152	65	2367	PTPRT_ATR	PTPRT	No	Yes	ATR	No	Yes	Genitourinary	Gain	Primary	2677	0.996858692158055	FALSE	FALSE	FALSE	TRUE	0.00136639992850491
2.36747020141405	1.19280634268038	1.98479008427642	0.0471678311587517	8873.43002092931	2.63122856836043e-13	3	3	2	63	5	132	31	2416	RPTOR_BRAF	RPTOR	Yes	No	BRAF	Yes	No	Genitourinary	Gain	Primary	2655	0.996858692158055	FALSE	FALSE	FALSE	TRUE	0.00136639992850491
-2.37046977490819	0.619154528244695	-3.82855921546513	0.000128895620541404	7148.83508285005	3.6681768733611e-13	5	10	39	70	47	64	165	2158	FGFR3_CDKN1A	FGFR3	Yes	No	CDKN1A	No	Yes	Genitourinary	Gain	Primary	2558	0.0350596087872619	TRUE	TRUE	TRUE	TRUE	1.45519293429132
-3.0732414100259	1.51692036644022	-2.02597412363703	0.0427674364124173	730.326157725898	2.4646948958907e-14	1	5	2	4	12	76	4	219	ATR_ALK	ATR	No	Yes	ALK	Yes	No	Head-and-Neck	Gain	Metastasis	323	0.988358335753266	FALSE	FALSE	FALSE	TRUE	0.0050855705684524
-3.12926366613198	1.56018878693538	-2.00569552373125	0.0448887430934525	744.280722310923	-3.7969629628944e-14	1	4	2	3	12	77	4	220	ATR_JAK2	ATR	No	Yes	JAK2	Yes	No	Head-and-Neck	Gain	Metastasis	323	0.988358335753266	FALSE	FALSE	FALSE	TRUE	0.0050855705684524
-2.08680075972184	1.06205400481373	-1.96487254910153	0.0494289906349462	536.01053932094	-2.22044604926391e-16	4	26	3	26	9	55	3	197	ATR_PIK3CA	ATR	No	Yes	PIK3CA	Yes	No	Head-and-Neck	Gain	Metastasis	323	0.988358335753266	FALSE	FALSE	FALSE	TRUE	0.0050855705684524
-2.7208376571408	1.38663442169567	-1.9621881691164	0.0497405808251181	519.501653878171	-1.15463216436535e-14	1	8	2	5	36	69	20	182	PIK3CA_PTPRT	PIK3CA	Yes	No	PTPRT	No	Yes	Head-and-Neck	Gain	Metastasis	323	0.988358335753266	FALSE	FALSE	FALSE	TRUE	0.0050855705684524
-2.87473516309682	1.34533397433965	-2.13681897426836	0.0326127182403389	1368.19353880977	3.66373576241031e-14	1	4	5	3	113	98	190	438	BRAF_MCL1	BRAF	Yes	No	MCL1	Yes	No	Skin	Gain	Metastasis	852	0.986539501891372	FALSE	FALSE	FALSE	TRUE	0.00588552053851729
-1.9179946673141	0.785433166093445	-2.44195782672858	0.0146078529881477	1847.16049181447	7.10542735760004e-15	3	21	16	87	11	72	18	623	RNF43_NOTCH4	RNF43	No	Yes	NOTCH4	Yes	Yes	Skin	Gain	Metastasis	851	0.986539501891372	FALSE	FALSE	FALSE	TRUE	0.00588552053851729
-1.41761526620211	0.696738910974942	-2.03464345664066	0.0418867614042965	1515.98028001617	2.4424906541747e-14	5	35	20	194	9	58	14	516	RNF43_PTPRT	RNF43	No	Yes	PTPRT	No	Yes	Skin	Gain	Metastasis	851	0.986539501891372	FALSE	FALSE	FALSE	TRUE	0.00588552053851729
-1.4407329056313	0.707826319971502	-2.03543279612618	0.0418073441905597	1119.73819998319	-3.46389583683062e-14	4	9	15	22	110	93	180	419	BRAF_RAC1	BRAF	Yes	No	RAC1	Yes	No	Skin	Gain	Metastasis	852	0.986539501891372	FALSE	FALSE	FALSE	TRUE	0.00588552053851729
-2.78238085478026	1.25408245293719	-2.2186586282773	0.0265099576546733	1768.30762241774	-3.55271586890419e-15	1	3	14	15	29	17	162	548	NRAS_RAF1	NRAS	Yes	No	RAF1	Yes	No	Skin	Gain	Metastasis	789	0.986539501891372	FALSE	FALSE	FALSE	TRUE	0.00588552053851729
1.61088750849997	0.757206465931976	2.12740854836372	0.0333861525017318	4927.97295779445	-1.62092561595282e-13	5	7	8	65	14	254	71	1493	PIK3CG_ATR	PIK3CG	Yes	No	ATR	No	Yes	Thoracic	Gain	Metastasis	1917	0.999707915934503	FALSE	FALSE	FALSE	TRUE	0.000126869027009944
2.19946237345296	0.889566645452437	2.47250994031403	0.0134167982359323	5165.48025318826	-1.13908882326549e-13	4	4	6	75	11	170	72	1542	CREBBP_ATR	CREBBP	No	Yes	ATR	No	Yes	Thoracic	Gain	Metastasis	1884	0.999707915934503	FALSE	FALSE	FALSE	TRUE	0.000126869027009944
1.94520042905101	0.983440752297264	1.9779538569122	0.047933912386261	5481.14424115484	-2.6734170432975e-13	3	11	4	87	4	194	39	1604	ASXL1_BRAF	ASXL1	No	Yes	BRAF	Yes	No	Thoracic	Gain	Metastasis	1946	0.999707915934503	FALSE	FALSE	FALSE	TRUE	0.000126869027009944
-1.70970325389658	0.842737557426031	-2.02874932869792	0.0424838287591755	3077.66299380092	7.08322289709418e-14	2	17	8	78	278	247	199	1121	EGFR_BRAF	EGFR	Yes	No	BRAF	Yes	No	Thoracic	Gain	Metastasis	1950	0.999707915934503	FALSE	FALSE	FALSE	TRUE	0.000126869027009944
2.15156822958295	0.83843114507913	2.56618357060184	0.0102824394695998	5377.21786552263	-3.08864045450723e-13	5	5	7	85	8	141	64	1593	NOTCH4_BRAF	NOTCH4	Yes	Yes	BRAF	Yes	No	Thoracic	Gain	Metastasis	1908	0.999707915934503	FALSE	FALSE	FALSE	TRUE	0.000126869027009944
-1.67076287052493	0.82647426390679	-2.02155462485564	0.043222383725217	3481.11296624634	8.50430836862866e-14	3	11	5	22	277	253	202	1177	EGFR_CDK12	EGFR	Yes	No	CDK12	No	Yes	Thoracic	Gain	Metastasis	1950	0.999707915934503	FALSE	FALSE	FALSE	TRUE	0.000126869027009944
2.03737264876065	0.702038424474891	2.90208139288752	0.00370692213492051	3755.63839674746	-7.10542735761202e-15	5	33	8	412	9	188	56	1190	EPHB1_EGFR	EPHB1	No	Yes	EGFR	Yes	No	Thoracic	Gain	Metastasis	1901	0.999707915934503	FALSE	FALSE	FALSE	TRUE	0.000126869027009944
2.99941088126768	1.36475438712193	2.19776606660558	0.0279657807645954	5283.81493685683	2.83328913697628e-13	2	4	1	62	13	170	77	1555	CREBBP_ERBB2	CREBBP	No	Yes	ERBB2	Yes	No	Thoracic	Gain	Metastasis	1884	0.999707915934503	FALSE	FALSE	FALSE	TRUE	0.000126869027009944
1.80222586173407	0.861579803617671	2.09176892745947	0.0364591912109751	5297.68200502799	-1.28785870856567e-14	6	4	4	42	28	156	110	1592	PTPRT_IL7R	PTPRT	No	Yes	IL7R	Yes	No	Thoracic	Gain	Metastasis	1942	0.999707915934503	FALSE	FALSE	FALSE	TRUE	0.000126869027009944
2.4505840773833	1.09072667511684	2.24674442579375	0.0246563652805717	5172.48629123376	-5.55111512314138e-14	3	4	2	38	16	257	77	1520	PIK3CG_KMT2B	PIK3CG	Yes	No	KMT2B	No	Yes	Thoracic	Gain	Metastasis	1917	0.999707915934503	FALSE	FALSE	FALSE	TRUE	0.000126869027009944
2.23354785170853	1.09083541304112	2.04755715207455	0.0406034114254413	4248.42988539615	-1.2279066652366e-13	2	22	4	436	3	185	19	1244	GATA2_KRAS	GATA2	Yes	No	KRAS	Yes	No	Thoracic	Gain	Metastasis	1915	0.999707915934503	FALSE	FALSE	FALSE	TRUE	0.000126869027009944
3.54626421514157	1.39369642997199	2.54450261827308	0.0109433491333322	5186.51450542518	-5.99520652017875e-15	2	3	1	79	13	171	77	1538	CREBBP_MET	CREBBP	No	Yes	MET	Yes	No	Thoracic	Gain	Metastasis	1884	0.999707915934503	FALSE	FALSE	FALSE	TRUE	0.000126869027009944
3.07492018256431	1.26310007275415	2.43442324871341	0.0149155427168209	5673.89015095282	-1.14575016141555e-13	3	2	2	75	5	123	25	1598	POLD1_MET	POLD1	No	Yes	MET	Yes	No	Thoracic	Gain	Metastasis	1833	0.999707915934503	FALSE	FALSE	FALSE	TRUE	0.000126869027009944
2.62789185218561	1.17923633233949	2.22846920512712	0.0258492426612274	5817.94303914869	-8.52651282913339e-14	3	4	2	39	4	151	41	1635	TSHR_PDGFRB	TSHR	Yes	No	PDGFRB	Yes	No	Thoracic	Gain	Metastasis	1879	0.999707915934503	FALSE	FALSE	FALSE	TRUE	0.000126869027009944
-1.77242325582217	0.760622014618554	-2.33022870986849	0.0197940663426266	4325.50382180484	1.43218770176643e-13	3	65	8	70	21	463	25	1310	IL7R_PTPRT	IL7R	Yes	No	PTPRT	No	Yes	Thoracic	Gain	Metastasis	1965	0.999707915934503	FALSE	FALSE	FALSE	TRUE	0.000126869027009944
-1.57242304826163	0.717924243483084	-2.19023533824802	0.0285071736095876	4858.18340636721	1.14130926931451e-13	3	22	20	101	20	191	48	1521	ATR_PTPRT	ATR	No	Yes	PTPRT	No	Yes	Thoracic	Gain	Metastasis	1926	0.999707915934503	FALSE	FALSE	FALSE	TRUE	0.000126869027009944
2.9305057520386	1.30904955455159	2.23865150241959	0.0251786003788894	5458.81071556441	-2.51798584170822e-13	3	1	4	37	12	173	74	1580	CREBBP_RECQL4	CREBBP	No	Yes	RECQL4	No	Yes	Thoracic	Gain	Metastasis	1884	0.999707915934503	FALSE	FALSE	FALSE	TRUE	0.000126869027009944
-2.06872177729147	0.981461001874965	-2.10779824500355	0.0350484447332631	3609.85610013319	9.59232693275084e-14	2	6	5	12	278	258	202	1187	EGFR_RPS6KA4	EGFR	Yes	No	RPS6KA4	Yes	No	Thoracic	Gain	Metastasis	1950	0.999707915934503	FALSE	FALSE	FALSE	TRUE	0.000126869027009944
2.64826339714121	1.18875464386575	2.2277628195245	0.0258963354326058	5605.88072712529	1.84297022085653e-14	4	2	2	19	11	172	76	1598	CREBBP_SOX9	CREBBP	No	Yes	SOX9	Yes	Yes	Thoracic	Gain	Metastasis	1884	0.999707915934503	FALSE	FALSE	FALSE	TRUE	0.000126869027009944
2.57627394948912	1.13532577325408	2.2691935743738	0.0232565568529033	8152.20279357906	4.84057238734308e-14	2	22	2	709	5	168	28	2306	GATA2_EGFR	GATA2	Yes	No	EGFR	Yes	No	Thoracic	Gain	Primary	3242	0.994872733337828	FALSE	FALSE	FALSE	TRUE	0.00223247176098602
1.63141806658157	0.758718668562706	2.15022792265292	0.0315371904981472	7424.4143225712	-1.92734717074946e-13	3	22	9	697	15	194	83	2218	ATR_EGFR	ATR	No	Yes	EGFR	Yes	No	Thoracic	Gain	Primary	3241	0.994872733337828	FALSE	FALSE	FALSE	TRUE	0.00223247176098602
2.93197432954454	1.17345565628095	2.49858127475979	0.0124691546254395	10878.1893862668	9.01501095994423e-14	3	4	4	98	2	164	37	2971	AXIN2_EPHB1	AXIN2	No	Yes	EPHB1	No	Yes	Thoracic	Gain	Primary	3283	0.994872733337828	FALSE	FALSE	FALSE	TRUE	0.00223247176098602
3.09358996577108	1.46070529602171	2.11787413532121	0.0341857286322118	11005.0701322537	-4.70512520022306e-13	2	4	3	68	1	170	34	2970	NCOA3_INHBA	NCOA3	Yes	No	INHBA	Yes	Yes	Thoracic	Gain	Primary	3252	0.994872733337828	FALSE	FALSE	FALSE	TRUE	0.00223247176098602
2.93285123122012	1.38659843598255	2.11514102072522	0.0344179299354877	10033.1353380403	2.96429545388761e-13	2	8	1	62	4	384	35	2773	FH_KMT2B	FH	No	Yes	KMT2B	No	Yes	Thoracic	Gain	Primary	3269	0.994872733337828	FALSE	FALSE	FALSE	TRUE	0.00223247176098602
2.80759169887968	1.40358314025582	2.00030309452703	0.045467545081837	10318.3618403899	2.33590922193813e-13	2	4	1	66	6	294	29	2830	MAP3K13_NKX2-1	MAP3K13	Yes	No	NKX2-1	Yes	No	Thoracic	Gain	Primary	3232	0.994872733337828	FALSE	FALSE	FALSE	TRUE	0.00223247176098602
3.24030187677198	1.27711743963357	2.53719961548852	0.0111743218180413	11134.2649940998	5.45341549695608e-13	3	4	2	64	2	164	39	3005	AXIN2_NKX2-1	AXIN2	No	Yes	NKX2-1	Yes	No	Thoracic	Gain	Primary	3283	0.994872733337828	FALSE	FALSE	FALSE	TRUE	0.00223247176098602
2.45921934575116	1.17521358970818	2.09257225008929	0.0363873558917903	10025.9252973716	-1.85629289717647e-13	2	4	2	63	10	213	98	2811	CREBBP_NKX2-1	CREBBP	No	Yes	NKX2-1	Yes	No	Thoracic	Gain	Primary	3203	0.994872733337828	FALSE	FALSE	FALSE	TRUE	0.00223247176098602
1.98023944275003	0.966154593441067	2.04960930289343	0.0404025718835113	9271.28821709694	-1.69420033557941e-13	5	6	2	34	36	282	176	2696	PIK3CA_PALB2	PIK3CA	Yes	No	PALB2	No	Yes	Thoracic	Gain	Primary	3237	0.994872733337828	FALSE	FALSE	FALSE	TRUE	0.00223247176098602
-1.72617546968873	0.865885341301432	-1.9935381595608	0.046202549328037	9061.12292077873	-2.53130849614619e-13	2	40	8	88	18	464	33	2629	IL7R_PIK3CG	IL7R	Yes	No	PIK3CG	Yes	No	Thoracic	Gain	Primary	3282	0.994872733337828	FALSE	FALSE	FALSE	TRUE	0.00223247176098602
3.18277082013259	1.62229741964701	1.96189106977999	0.0497751677415442	2982.65779211468	1.30784267927999e-13	3	1	1	25	6	136	12	846	JAK1_APC	JAK1	Yes	Yes	APC	No	Yes	Breast	Loss	Metastasis	1030	0.996821814525018	FALSE	FALSE	FALSE	TRUE	0.0013824664471691
-3.1185844174659	1.2723230886916	-2.45109472993445	0.0142422465815101	2877.98725942311	1.33892896769601e-13	2	11	2	9	13	189	3	807	SMAD4_BCOR	SMAD4	No	Yes	BCOR	No	Yes	Breast	Loss	Metastasis	1036	0.996821814525018	FALSE	FALSE	FALSE	TRUE	0.0013824664471691
-3.17769301485429	1.28183861135264	-2.47901177785641	0.0131746955686008	1452.97304226802	-6.08402239421016e-14	1	8	6	3	163	165	280	425	TP53_ERBB4	TP53	No	Yes	ERBB4	Yes	No	Breast	Loss	Metastasis	1051	0.996821814525018	FALSE	FALSE	FALSE	TRUE	0.0013824664471691
-1.01753903156642	0.495709631395565	-2.05269167093194	0.0401024903604553	1275.63987497339	4.92939022933559e-14	11	47	12	83	79	172	56	546	CDH1_ESR1	CDH1	No	Yes	ESR1	Yes	No	Breast	Loss	Metastasis	1006	0.996821814525018	FALSE	FALSE	FALSE	TRUE	0.0013824664471691
1.2322960226089	0.498606286542928	2.47148111820448	0.013455465670753	812.810938627384	1.82076576038407e-14	15	39	8	95	149	134	278	333	TP53_ESR1	TP53	No	Yes	ESR1	Yes	No	Breast	Loss	Metastasis	1051	0.996821814525018	FALSE	FALSE	FALSE	TRUE	0.0013824664471691
-2.400590220293	1.17674677650099	-2.04002277145052	0.0413480577443519	1474.39611037678	-3.95239396769273e-14	2	6	5	2	162	167	281	426	TP53_FGFR1	TP53	No	Yes	FGFR1	Yes	No	Breast	Loss	Metastasis	1051	0.996821814525018	FALSE	FALSE	FALSE	TRUE	0.0013824664471691
-2.49352550381336	1.09542218873546	-2.27631458396131	0.0228271878540383	1971.29958324436	8.45989944763018e-14	2	6	4	4	88	213	64	625	CDH1_FOXP1	CDH1	No	Yes	FOXP1	Yes	Yes	Breast	Loss	Metastasis	1006	0.996821814525018	FALSE	FALSE	FALSE	TRUE	0.0013824664471691
1.5669740842129	0.771785866323447	2.03032233756429	0.0423237850981238	1254.07780732893	5.9729998724832e-14	9	11	3	24	155	162	283	404	TP53_KMT2C	TP53	No	Yes	KMT2C	No	Yes	Breast	Loss	Metastasis	1051	0.996821814525018	FALSE	FALSE	FALSE	TRUE	0.0013824664471691
-1.4684463680139	0.558218006767055	-2.6305965594311	0.00852351524795062	1148.65289606379	-1.472155730653e-13	15	12	32	9	149	161	254	419	TP53_NF1	TP53	No	Yes	NF1	No	Yes	Breast	Loss	Metastasis	1051	0.996821814525018	FALSE	FALSE	FALSE	TRUE	0.0013824664471691
-2.78622200079318	1.29735374003677	-2.14761935377334	0.0317440066616422	1976.94364810694	-6.81676958977325e-14	1	5	4	5	89	214	64	624	CDH1_NFE2L2	CDH1	No	Yes	NFE2L2	Yes	No	Breast	Loss	Metastasis	1006	0.996821814525018	FALSE	FALSE	FALSE	TRUE	0.0013824664471691
2.9130193372776	1.44495569963395	2.01599214288407	0.0438007973982389	2970.63563640773	1.33226760768305e-13	4	1	2	26	5	136	11	845	JAK1_NOTCH2	JAK1	Yes	Yes	NOTCH2	Yes	Yes	Breast	Loss	Metastasis	1030	0.996821814525018	FALSE	FALSE	FALSE	TRUE	0.0013824664471691
-1.82060762356575	0.798148136813407	-2.28103974637402	0.0225460950303013	1359.24225190515	-5.32907051821335e-15	4	9	11	6	160	164	275	422	TP53_NSD1	TP53	No	Yes	NSD1	Yes	Yes	Breast	Loss	Metastasis	1051	0.996821814525018	FALSE	FALSE	FALSE	TRUE	0.0013824664471691
-2.84727523066633	1.44629487507483	-1.96866854728985	0.048991165385342	2826.55907430194	-9.2592602433375e-14	1	8	2	18	14	192	3	798	SMAD4_PIK3R1	SMAD4	No	Yes	PIK3R1	No	Yes	Breast	Loss	Metastasis	1036	0.996821814525018	FALSE	FALSE	FALSE	TRUE	0.0013824664471691
-2.33405097126195	1.18783285787503	-1.96496582476885	0.0494181931393682	1476.18399082814	-2.73114864059909e-14	2	7	4	2	162	166	282	426	TP53_PTCH1	TP53	No	Yes	PTCH1	No	Yes	Breast	Loss	Metastasis	1051	0.996821814525018	FALSE	FALSE	FALSE	TRUE	0.0013824664471691
2.36965945865817	1.15345433277006	2.05440249460709	0.0399367518274812	2695.19000679606	-7.03881397613615e-14	3	3	2	29	10	118	51	816	PTEN_RUNX1	PTEN	No	Yes	RUNX1	No	Yes	Breast	Loss	Metastasis	1032	0.996821814525018	FALSE	FALSE	FALSE	TRUE	0.0013824664471691
2.37185920256004	1.05616638088486	2.24572495914223	0.024721630453507	2392.48287521709	-8.1046280797748e-14	4	4	2	53	16	119	41	754	NF1_TBX3	NF1	No	Yes	TBX3	No	Yes	Breast	Loss	Metastasis	993	0.996821814525018	FALSE	FALSE	FALSE	TRUE	0.0013824664471691
-2.00120827105518	0.604631105283909	-3.30980039492923	0.000933625243104761	1546.6119319889	8.70414851306092e-14	11	81	32	309	9	42	11	498	NF1_TP53	NF1	No	Yes	TP53	No	Yes	Breast	Loss	Metastasis	993	0.996821814525018	FALSE	FALSE	FALSE	TRUE	0.0013824664471691
3.25717694482985	1.33864346679369	2.43319227682888	0.0149663509357547	4161.14027340783	2.21600513528321e-13	3	3	1	99	13	124	34	1236	NF1_CBFB	NF1	No	Yes	CBFB	No	Yes	Breast	Loss	Primary	1513	0.999753467234161	FALSE	FALSE	FALSE	TRUE	0.000107081019844769
1.17702279165941	0.493072794324349	2.38711769379261	0.0169810540457039	1593.44967786532	-1.23012711128482e-13	9	31	13	150	138	210	394	619	TP53_CDH1	TP53	No	Yes	CDH1	No	Yes	Breast	Loss	Primary	1564	0.999753467234161	FALSE	FALSE	FALSE	TRUE	0.000107081019844769
-1.13141343401896	0.514433091086252	-2.1993403099904	0.027853733473111	2531.71889021231	-5.92859095149872e-14	11	92	10	91	48	345	37	897	CBFB_CDH1	CBFB	No	Yes	CDH1	No	Yes	Breast	Loss	Primary	1531	0.999753467234161	FALSE	FALSE	FALSE	TRUE	0.000107081019844769
-1.81978490222677	0.619111668289952	-2.93934841714936	0.00328903109664942	2811.95854594298	-5.90638649100607e-14	5	55	10	63	54	382	37	925	CBFB_MAP3K1	CBFB	No	Yes	MAP3K1	No	Yes	Breast	Loss	Primary	1531	0.999753467234161	FALSE	FALSE	FALSE	TRUE	0.000107081019844769
-2.16523771100281	0.852525862112343	-2.53979123359132	0.0110918655251026	3286.94883483878	3.04201108747261e-14	3	55	7	68	14	417	7	963	CTCF_MAP3K1	CTCF	No	Yes	MAP3K1	No	Yes	Breast	Loss	Primary	1534	0.999753467234161	FALSE	FALSE	FALSE	TRUE	0.000107081019844769
-1.65817231503997	0.637167498720497	-2.60241195348124	0.00925705815191342	3008.49994472113	-3.3306690738756e-14	8	79	21	427	8	48	14	908	NF1_TP53	NF1	No	Yes	TP53	No	Yes	Breast	Loss	Primary	1513	0.999753467234161	FALSE	FALSE	FALSE	TRUE	0.000107081019844769
-1.41546744073473	0.519440551661908	-2.72498447840867	0.00643045100216731	2824.68345631727	-9.54791801178519e-15	8	53	34	446	20	40	55	897	PTEN_TP53	PTEN	No	Yes	TP53	No	Yes	Breast	Loss	Primary	1553	0.999753467234161	FALSE	FALSE	FALSE	TRUE	0.000107081019844769
1.05437267540144	0.472157532885816	2.23309510484167	0.0255426733568644	1413.59066684299	5.7731597280393e-15	11	88	11	415	88	294	94	516	CDH1_TP53	CDH1	No	Yes	TP53	No	Yes	Breast	Loss	Primary	1517	0.999753467234161	FALSE	FALSE	FALSE	TRUE	0.000107081019844769
-1.25769460817002	0.557542558815552	-2.25578225067136	0.0240842714613486	3147.59924730977	-2.24265050974304e-14	9	86	35	801	13	75	15	729	PTEN_APC	PTEN	No	Yes	APC	No	Yes	Core-GI	Loss	Metastasis	1763	0.993576551104514	FALSE	FALSE	FALSE	TRUE	0.00279866661001275
-2.45536120211132	1.21832447075669	-2.01535901235434	0.0438670457967002	3259.32802638841	1.23678842750889e-13	1	3	25	12	120	60	780	727	APC_AR	APC	No	Yes	AR	Yes	No	Core-GI	Loss	Metastasis	1728	0.993576551104514	FALSE	FALSE	FALSE	TRUE	0.00279866661001275
-2.12022782127639	1.02543687843779	-2.06763367483571	0.0386744830139415	3322.28352514493	-2.25819363208861e-13	2	3	21	7	119	60	784	732	APC_AXIN2	APC	No	Yes	AXIN2	No	Yes	Core-GI	Loss	Metastasis	1728	0.993576551104514	FALSE	FALSE	FALSE	TRUE	0.00279866661001275
-2.3692697470398	1.0349835391616	-2.28918592169983	0.0220685522256279	3317.44508506715	1.54321000422778e-13	2	3	23	6	119	60	782	733	APC_DNMT1	APC	No	Yes	DNMT1	Yes	No	Core-GI	Loss	Metastasis	1728	0.993576551104514	FALSE	FALSE	FALSE	TRUE	0.00279866661001275
-2.58038190506808	1.18696091377035	-2.17394008103566	0.029709635432291	3281.87575880352	9.94759808283296e-14	1	4	21	12	120	59	784	727	APC_DOT1L	APC	No	Yes	DOT1L	Yes	No	Core-GI	Loss	Metastasis	1728	0.993576551104514	FALSE	FALSE	FALSE	TRUE	0.00279866661001275
-2.79983385004617	1.25816486654828	-2.22533145256821	0.0260589954857172	3402.37279138027	-8.88178419703052e-14	2	2	18	2	119	61	787	737	APC_GATA3	APC	No	Yes	GATA3	Yes	Yes	Core-GI	Loss	Metastasis	1728	0.993576551104514	FALSE	FALSE	FALSE	TRUE	0.00279866661001275
-2.77126509526251	1.3091061982205	-2.11691389058395	0.0342671565565292	4362.65028074278	4.90718555014418e-14	1	4	4	16	15	81	14	1208	RB1_KMT2A	RB1	No	Yes	KMT2A	No	Yes	Core-GI	Loss	Metastasis	1343	0.993576551104514	FALSE	FALSE	FALSE	TRUE	0.00279866661001275
-1.88325286307146	0.931533105304604	-2.02167035433019	0.0432104184889025	2949.26196000303	-3.46389583683074e-14	3	3	15	9	340	58	795	535	TP53_LATS1	TP53	No	Yes	LATS1	No	Yes	Core-GI	Loss	Metastasis	1758	0.993576551104514	FALSE	FALSE	FALSE	TRUE	0.00279866661001275
-2.12083663672811	0.947713628188529	-2.23784545631353	0.0252311349564305	3282.18246433047	-2.66453525910064e-14	3	3	27	6	118	60	778	733	APC_MAP3K1	APC	No	Yes	MAP3K1	No	Yes	Core-GI	Loss	Metastasis	1728	0.993576551104514	FALSE	FALSE	FALSE	TRUE	0.00279866661001275
-2.83760947774549	1.29452541820727	-2.19200754024218	0.0283789621817948	4323.9906718261	1.29896091703682e-13	1	7	3	19	15	78	15	1205	RB1_PDGFRA	RB1	No	Yes	PDGFRA	Yes	No	Core-GI	Loss	Metastasis	1343	0.993576551104514	FALSE	FALSE	FALSE	TRUE	0.00279866661001275
-1.96180779602267	0.70494674102272	-2.78291632808534	0.00538726975275871	2803.69695356084	-4.41868763800986e-14	5	6	23	16	338	55	787	528	TP53_SMAD3	TP53	No	Yes	SMAD3	No	Yes	Core-GI	Loss	Metastasis	1758	0.993576551104514	FALSE	FALSE	FALSE	TRUE	0.00279866661001275
-2.28116838840652	0.945310035383934	-2.41314309911037	0.0158156087752175	3204.95890131977	-5.72875080707216e-14	2	4	31	12	119	59	774	727	APC_SPEN	APC	No	Yes	SPEN	No	Yes	Core-GI	Loss	Metastasis	1728	0.993576551104514	FALSE	FALSE	FALSE	TRUE	0.00279866661001275
-1.52749954731951	0.745278148478463	-2.04956974847311	0.0404064350125584	2832.36987522202	1.0680345496893e-13	10	3	97	12	111	60	708	727	APC_TCF7L2	APC	No	Yes	TCF7L2	No	Yes	Core-GI	Loss	Metastasis	1728	0.993576551104514	FALSE	FALSE	FALSE	TRUE	0.00279866661001275
-2.6365069905025	1.22379809176517	-2.15436435817585	0.0312116093902264	3386.93495703524	-1.0236256506296e-13	1	4	13	7	120	59	792	732	APC_TET2	APC	No	Yes	TET2	No	Yes	Core-GI	Loss	Metastasis	1728	0.993576551104514	FALSE	FALSE	FALSE	TRUE	0.00279866661001275
-0.623300232833824	0.227330153459387	-2.74182823241343	0.00610982825809787	3430.41743357754	1.73194791028246e-14	108	601	121	1037	57	229	113	1304	SMAD4_APC	SMAD4	No	Yes	APC	No	Yes	Core-GI	Loss	Primary	3570	0.998491250418146	FALSE	FALSE	FALSE	TRUE	0.000655736413475885
1.01916947890148	0.500731299521502	2.0353620392322	0.0418144579958075	4455.77394874347	-2.71560551823325e-13	39	5	156	190	535	101	1545	1000	TP53_ARID1A	TP53	No	Yes	ARID1A	No	Yes	Core-GI	Loss	Primary	3571	0.998491250418146	FALSE	FALSE	FALSE	TRUE	0.000655736413475885
-1.81177201682964	0.70102578284305	-2.58445846240048	0.00975320518521656	6154.90610970837	-1.98063787593133e-13	4	6	33	32	570	100	1668	1158	TP53_DICER1	TP53	No	Yes	DICER1	No	Yes	Core-GI	Loss	Primary	3571	0.998491250418146	FALSE	FALSE	FALSE	TRUE	0.000655736413475885
-2.27194750761627	1.14731453787957	-1.98023073238068	0.0476776080644454	10972.625725207	-2.6600943887947e-13	1	5	61	151	14	124	74	3147	SETD2_FAT1	SETD2	No	Yes	FAT1	No	Yes	Core-GI	Loss	Primary	3577	0.998491250418146	FALSE	FALSE	FALSE	TRUE	0.000655736413475885
1.09898393973118	0.540377700811462	2.03373295767179	0.0419785272971792	4255.6930704061	1.31450406115607e-13	57	4	212	157	517	102	1489	1033	TP53_FBXW7	TP53	No	Yes	FBXW7	No	Yes	Core-GI	Loss	Primary	3571	0.998491250418146	FALSE	FALSE	FALSE	TRUE	0.000655736413475885
-1.8029540434008	0.884350084090888	-2.03873338832125	0.0414766435691237	6373.71202874341	3.91242593877902e-13	3	3	25	16	571	103	1676	1174	TP53_MUTYH	TP53	No	Yes	MUTYH	No	Yes	Core-GI	Loss	Primary	3571	0.998491250418146	FALSE	FALSE	FALSE	TRUE	0.000655736413475885
2.09802376201563	0.812009616886567	2.58374250548896	0.0097734731408531	10015.2689885579	-3.4461322684373e-13	5	4	7	82	24	373	104	2904	CDKN2A_NOTCH2	CDKN2A	No	Yes	NOTCH2	Yes	Yes	Core-GI	Loss	Primary	3503	0.998491250418146	FALSE	FALSE	FALSE	TRUE	0.000655736413475885
-2.84083103886317	1.20761973434124	-2.35242184114592	0.018651609079913	6430.78520652637	-7.72715247106429e-14	1	3	22	15	573	103	1679	1175	TP53_PHOX2B	TP53	No	Yes	PHOX2B	No	Yes	Core-GI	Loss	Primary	3571	0.998491250418146	FALSE	FALSE	FALSE	TRUE	0.000655736413475885
1.08919941084975	0.551498349837522	1.97498217568673	0.0482701707983199	4917.26210280494	9.85878045866769e-14	42	4	117	117	532	102	1584	1073	TP53_PTPRS	TP53	No	Yes	PTPRS	No	Yes	Core-GI	Loss	Primary	3571	0.998491250418146	FALSE	FALSE	FALSE	TRUE	0.000655736413475885
2.01954457333189	0.965125860153976	2.09251938706698	0.0363920793383179	10116.104539418	-2.7200464103317e-13	3	3	5	72	26	374	106	2914	CDKN2A_RBM10	CDKN2A	No	Yes	RBM10	No	Yes	Core-GI	Loss	Primary	3503	0.998491250418146	FALSE	FALSE	FALSE	TRUE	0.000655736413475885
-0.906948971841915	0.344646925601857	-2.63153071874386	0.0085001182453464	3695.88925760274	-2.16271445196989e-13	101	85	1268	822	24	20	473	752	APC_TP53	APC	No	Yes	TP53	No	Yes	Core-GI	Loss	Primary	3545	0.998491250418146	FALSE	FALSE	FALSE	TRUE	0.000655736413475885
-0.566323400254203	0.240605458861008	-2.35374294055961	0.0185854587309221	3633.96367514307	-1.0569323236202e-13	120	664	144	1350	45	166	90	991	SMAD4_TP53	SMAD4	No	Yes	TP53	No	Yes	Core-GI	Loss	Primary	3570	0.998491250418146	FALSE	FALSE	FALSE	TRUE	0.000655736413475885
1.52164609415348	0.772433147695236	1.96993888557699	0.0488453751580847	6318.19636619129	3.4638958368294e-13	27	241	82	1880	2	136	29	1106	CDKN2A_TP53	CDKN2A	No	Yes	TP53	No	Yes	Core-GI	Loss	Primary	3503	0.998491250418146	FALSE	FALSE	FALSE	TRUE	0.000655736413475885
-3.1684416907621	1.40858291017207	-2.24938245940741	0.0244881736012869	3374.19584872678	1.82076573853663e-13	1	2	5	7	16	53	17	937	DAXX_ABL1	DAXX	No	Yes	ABL1	Yes	No	Developmental-GI-Tract	Loss	Metastasis	1038	0.997508067655642	FALSE	FALSE	FALSE	TRUE	0.00108358313579234
-2.86958392553395	1.24470078815654	-2.3054407555923	0.0211419011756216	3283.70547944687	1.13686835537238e-13	1	7	6	17	9	62	19	934	TSC2_ATRX	TSC2	No	Yes	ATRX	No	Yes	Developmental-GI-Tract	Loss	Metastasis	1055	0.997508067655642	FALSE	FALSE	FALSE	TRUE	0.00108358313579234
-3.82487693918685	1.24653346599801	-3.06841095206742	0.00215200454112746	3262.34227061947	-1.27009516207428e-13	1	10	4	16	16	45	18	928	DAXX_ATRX	DAXX	No	Yes	ATRX	No	Yes	Developmental-GI-Tract	Loss	Metastasis	1038	0.997508067655642	FALSE	FALSE	FALSE	TRUE	0.00108358313579234
-2.99654893341373	1.3101343055876	-2.28720744173612	0.0221837178662024	3538.66239149833	5.26245691756685e-14	1	10	4	16	5	51	12	980	PTEN_ATRX	PTEN	No	Yes	ATRX	No	Yes	Developmental-GI-Tract	Loss	Metastasis	1079	0.997508067655642	FALSE	FALSE	FALSE	TRUE	0.00108358313579234
2.69550298505014	1.29946907469236	2.07431099173197	0.0380504376412299	2742.31228032534	-8.19344592175974e-14	2	4	2	180	3	66	12	802	PGR_CDKN2A	PGR	Yes	No	CDKN2A	No	Yes	Developmental-GI-Tract	Loss	Metastasis	1071	0.997508067655642	FALSE	FALSE	FALSE	TRUE	0.00108358313579234
-1.25117029144107	0.636543041547002	-1.96557060524978	0.0493482323688876	1174.63527756173	-5.77315972805121e-14	38	4	136	13	113	33	382	354	TP53_CDKN2A	TP53	No	Yes	CDKN2A	No	Yes	Developmental-GI-Tract	Loss	Metastasis	1073	0.997508067655642	FALSE	FALSE	FALSE	TRUE	0.00108358313579234
3.54015472347909	1.76639003881896	2.00417498156075	0.0450513195667491	3304.2501382767	9.72555325850677e-14	2	1	1	22	2	90	16	919	TSC1_CTNNB1	TSC1	No	Yes	CTNNB1	Yes	No	Developmental-GI-Tract	Loss	Metastasis	1053	0.997508067655642	FALSE	FALSE	FALSE	TRUE	0.00108358313579234
-2.65059643519665	1.3129492151142	-2.0188110893277	0.0435068580298649	3320.9819113092	4.17443835420693e-14	1	14	4	19	4	65	12	937	AXIN1_DAXX	AXIN1	No	Yes	DAXX	No	Yes	Developmental-GI-Tract	Loss	Metastasis	1056	0.997508067655642	FALSE	FALSE	FALSE	TRUE	0.00108358313579234
-2.37723337438014	1.03902986932547	-2.28793554888218	0.0221412747267972	1825.0026380724	3.41948691583445e-14	2	3	16	7	149	34	502	360	TP53_MAP2K4	TP53	No	Yes	MAP2K4	No	Yes	Developmental-GI-Tract	Loss	Metastasis	1073	0.997508067655642	FALSE	FALSE	FALSE	TRUE	0.00108358313579234
3.20283385929989	1.46032649581124	2.19323135510231	0.0282907145326057	2753.29324451227	1.60538247174534e-13	2	5	1	176	3	65	13	806	PGR_SMAD4	PGR	Yes	No	SMAD4	No	Yes	Developmental-GI-Tract	Loss	Metastasis	1071	0.997508067655642	FALSE	FALSE	FALSE	TRUE	0.00108358313579234
3.00077092800349	1.48163370825569	2.02531226934372	0.0428353094560828	2980.9811130056	-1.5898393931283e-13	2	2	1	39	8	129	28	876	PBRM1_TGFBR2	PBRM1	No	Yes	TGFBR2	No	Yes	Developmental-GI-Tract	Loss	Metastasis	1085	0.997508067655642	FALSE	FALSE	FALSE	TRUE	0.00108358313579234
-2.56455989217764	1.3073220618358	-1.96168944672775	0.0497986512409036	3332.89632112988	1.88293822791467e-13	1	10	5	19	4	69	11	937	AXIN1_TSC2	AXIN1	No	Yes	TSC2	No	Yes	Developmental-GI-Tract	Loss	Metastasis	1056	0.997508067655642	FALSE	FALSE	FALSE	TRUE	0.00108358313579234
-1.09343773846398	0.462612938485343	-2.36361253112384	0.0180977294564746	3291.05364964081	1.68309810533166e-13	9	24	63	160	43	111	166	1218	SMAD4_CDKN2A	SMAD4	No	Yes	CDKN2A	No	Yes	Developmental-GI-Tract	Loss	Primary	1794	0.996610677094999	FALSE	FALSE	FALSE	TRUE	0.00147446436684649
1.16444940640138	0.593535819889971	1.96188564763832	0.0497757991492878	3210.92419023638	-1.2789769243682e-13	10	8	13	51	104	54	862	685	TP53_CTNNB1	TP53	No	Yes	CTNNB1	Yes	No	Developmental-GI-Tract	Loss	Primary	1787	0.996610677094999	FALSE	FALSE	FALSE	TRUE	0.00147446436684649
-2.87419218897344	1.40556655046111	-2.04486382237151	0.0408682854798356	5966.57878469559	-4.88498152644757e-14	1	4	2	16	16	60	12	1594	DAXX_EP300	DAXX	No	Yes	EP300	No	Yes	Developmental-GI-Tract	Loss	Primary	1705	0.996610677094999	FALSE	FALSE	FALSE	TRUE	0.00147446436684649
-2.99037678195803	1.27558175490757	-2.34432389021958	0.019061610146852	6065.38477408293	-1.99396057399745e-13	1	7	4	34	11	75	10	1647	AXIN1_SETD2	AXIN1	No	Yes	SETD2	No	Yes	Developmental-GI-Tract	Loss	Primary	1789	0.996610677094999	FALSE	FALSE	FALSE	TRUE	0.00147446436684649
2.55825246415692	1.24591908855798	2.05330545751396	0.0400429619058496	4914.32403808778	-7.10542954457343e-15	4	8	1	260	9	55	23	1415	TSC2_SMAD4	TSC2	No	Yes	SMAD4	No	Yes	Developmental-GI-Tract	Loss	Primary	1775	0.996610677094999	FALSE	FALSE	FALSE	TRUE	0.00147446436684649
1.29348293230434	0.631186846178845	2.04928689521174	0.0404340693383184	3596.72959727667	1.35891298214084e-13	6	31	15	936	12	89	28	688	PBRM1_TP53	PBRM1	No	Yes	TP53	No	Yes	Developmental-GI-Tract	Loss	Primary	1805	0.996610677094999	FALSE	FALSE	FALSE	TRUE	0.00147446436684649
2.12639047002738	1.00559790552773	2.11455339986162	0.0344680289474216	4099.25000324462	1.31006316904608e-14	4	17	11	955	2	55	11	737	TSC1_TP53	TSC1	No	Yes	TP53	No	Yes	Developmental-GI-Tract	Loss	Primary	1792	0.996610677094999	FALSE	FALSE	FALSE	TRUE	0.00147446436684649
-3.73289633953074	1.89862176686705	-1.96610847124672	0.0492860820723263	732.873743507156	-2.77555799853103e-14	1	2	1	2	6	10	3	209	MEN1_RB1	MEN1	No	Yes	RB1	No	Yes	Endocrine	Loss	Metastasis	234	0.915062320390776	FALSE	FALSE	FALSE	TRUE	0.0385493272667127
-4.59399688534319	2.07766681339731	-2.21113262998666	0.0270266539601645	626.786956213082	1.44328927572323e-14	1	1	2	2	5	9	1	178	MEN1_KDM5C	MEN1	No	Yes	KDM5C	No	Yes	Endocrine	Loss	Primary	199	0.871871933661018	FALSE	FALSE	FALSE	TRUE	0.0595473024400762
-1.47583842092366	0.597527345854979	-2.46990942115283	0.0135147267559292	1997.49922353011	1.35447209004242e-14	5	14	22	47	158	134	266	753	TP53_ATM	TP53	No	Yes	ATM	No	Yes	Genitourinary	Loss	Metastasis	1399	0.999596089327485	FALSE	FALSE	FALSE	TRUE	0.000175451612030008
-2.76058416385177	1.3866631125594	-1.99081098995739	0.0465016706871139	4570.07210268031	1.92290625680528e-13	1	6	3	8	5	73	12	1231	MSH2_FBXW7	MSH2	No	Yes	FBXW7	No	Yes	Genitourinary	Loss	Metastasis	1339	0.999596089327485	FALSE	FALSE	FALSE	TRUE	0.000175451612030008
2.51728805929078	1.21960285506266	2.06402276678947	0.0390155578315487	4169.20859047245	1.42774680966685e-13	3	4	3	34	2	108	32	1185	ARID1B_GRIN2A	ARID1B	No	Yes	GRIN2A	No	Yes	Genitourinary	Loss	Metastasis	1371	0.999596089327485	FALSE	FALSE	FALSE	TRUE	0.000175451612030008
-2.16476445331254	1.05144331026407	-2.05885037469957	0.0395085742364891	4434.55317316578	7.30526750201686e-14	2	13	5	29	5	61	13	1233	MSH6_JAK1	MSH6	No	Yes	JAK1	Yes	Yes	Genitourinary	Loss	Metastasis	1361	0.999596089327485	FALSE	FALSE	FALSE	TRUE	0.000175451612030008
-2.41119294954841	1.20865125483656	-1.99494514228132	0.0460488632930163	2418.63910844084	7.34967620448116e-14	1	5	7	10	162	143	281	790	TP53_KIT	TP53	No	Yes	KIT	Yes	No	Genitourinary	Loss	Metastasis	1399	0.999596089327485	FALSE	FALSE	FALSE	TRUE	0.000175451612030008
-2.64813114619132	1.33950989385247	-1.97694034089977	0.0480483741724642	4621.50543893269	-9.92539405871135e-14	1	5	4	11	6	69	14	1251	MSH6_MSH2	MSH6	No	Yes	MSH2	No	Yes	Genitourinary	Loss	Metastasis	1361	0.999596089327485	FALSE	FALSE	FALSE	TRUE	0.000175451612030008
-2.89450182567106	1.3348384791048	-2.1684285184918	0.0301260978240942	4524.31624101308	1.17683618773974e-14	1	7	4	12	5	72	11	1227	MSH2_MSH6	MSH2	No	Yes	MSH6	No	Yes	Genitourinary	Loss	Metastasis	1339	0.999596089327485	FALSE	FALSE	FALSE	TRUE	0.000175451612030008
3.694852920292	1.3791817213622	2.67901819104929	0.0073838382307311	4181.72717263163	1.23456800337966e-13	3	2	2	35	2	110	33	1184	ARID1B_MTOR	ARID1B	No	Yes	MTOR	Yes	No	Genitourinary	Loss	Metastasis	1371	0.999596089327485	FALSE	FALSE	FALSE	TRUE	0.000175451612030008
-1.84295908416786	0.904482564667752	-2.03758386967342	0.0415915665404239	2425.99398936461	5.75095526755822e-14	4	4	10	5	159	144	278	795	TP53_PGR	TP53	No	Yes	PGR	Yes	No	Genitourinary	Loss	Metastasis	1399	0.999596089327485	FALSE	FALSE	FALSE	TRUE	0.000175451612030008
-1.75620848496341	0.893316517511721	-1.96594202674683	0.049305307676295	3479.26135777185	8.43769498691505e-15	2	9	10	32	32	136	62	1085	APC_SPEN	APC	No	Yes	SPEN	No	Yes	Genitourinary	Loss	Metastasis	1368	0.999596089327485	FALSE	FALSE	FALSE	TRUE	0.000175451612030008
-2.52321119242281	1.19375483686197	-2.11367620428294	0.0345429322540421	3682.86974004846	-2.12718733698078e-13	1	19	6	105	9	57	15	1091	TSC1_VHL	TSC1	No	Yes	VHL	No	Yes	Genitourinary	Loss	Metastasis	1303	0.999596089327485	FALSE	FALSE	FALSE	TRUE	0.000175451612030008
3.51161004870195	1.74970550252036	2.00697205537941	0.0447526385565037	3164.59709204995	-3.99680945090767e-15	1	1	1	109	33	144	71	1008	APC_VHL	APC	No	Yes	VHL	No	Yes	Genitourinary	Loss	Metastasis	1368	0.999596089327485	FALSE	FALSE	FALSE	TRUE	0.000175451612030008
-2.84710060577838	1.25468292285741	-2.26917937106725	0.0232574202157886	4155.98449772333	-5.68434210457759e-14	1	16	6	58	5	63	9	1181	MSH2_ZFHX3	MSH2	No	Yes	ZFHX3	No	Yes	Genitourinary	Loss	Metastasis	1339	0.999596089327485	FALSE	FALSE	FALSE	TRUE	0.000175451612030008
-1.9088266248939	0.899977344248389	-2.12097186345069	0.0339241702863053	7617.55555897527	-1.12798659302083e-13	2	6	11	51	65	126	111	2243	PBRM1_ANKRD11	PBRM1	No	Yes	ANKRD11	No	Yes	Genitourinary	Loss	Primary	2615	0.937349303689539	FALSE	FALSE	FALSE	TRUE	0.0280985388926922
-2.49010226045091	1.1070527764867	-2.24930763314953	0.0244929305238764	7222.81505170221	1.22346575127823e-13	1	10	12	107	66	122	110	2187	PBRM1_APC	PBRM1	No	Yes	APC	No	Yes	Genitourinary	Loss	Primary	2615	0.908877228033918	FALSE	FALSE	FALSE	TRUE	0.041494777711412
-1.34703211886504	0.659353495990665	-2.0429589394095	0.0410565029611459	7276.39366486839	2.57127652503175e-13	4	18	15	129	33	182	54	2189	TSC1_ATM	TSC1	No	Yes	ATM	No	Yes	Genitourinary	Loss	Primary	2624	0.976037405644095	FALSE	FALSE	FALSE	TRUE	0.0105335381186253
-1.86728249593103	0.592121177934514	-3.15354789782159	0.00161298756341549	7445.32328542248	-2.44249065417545e-13	6	15	15	63	61	117	107	2231	PBRM1_BAP1	PBRM1	No	Yes	BAP1	No	Yes	Genitourinary	Loss	Primary	2615	0.340071544620099	FALSE	FALSE	FALSE	TRUE	0.46842970600166
-2.91007262089256	1.09374710827188	-2.66064485920377	0.00779911706703471	7687.3927955685	-4.34763338630616e-13	1	18	14	65	28	145	92	2256	SETD2_BAP1	SETD2	No	Yes	BAP1	No	Yes	Genitourinary	Loss	Primary	2619	0.848829097587657	FALSE	FALSE	FALSE	TRUE	0.0711797413767927
-2.23112382303508	1.12553644422368	-1.9822759489356	0.0474483643449303	6942.67053985329	4.64073202417154e-14	1	33	7	92	22	419	29	2048	CDKN2A_BRCA2	CDKN2A	No	Yes	BRCA2	No	Yes	Genitourinary	Loss	Primary	2651	0.976037405644095	FALSE	FALSE	FALSE	TRUE	0.0105335381186253
-2.25827077807576	1.13945247692855	-1.98189114842511	0.0474914248453732	7251.74176491627	1.17461593815148e-13	1	5	18	103	66	127	104	2191	PBRM1_BRCA2	PBRM1	No	Yes	BRCA2	No	Yes	Genitourinary	Loss	Primary	2615	0.976037405644095	FALSE	FALSE	FALSE	TRUE	0.0105335381186253
-1.25226526667188	0.633732428581388	-1.97601576027139	0.048152992240224	6706.86312030976	-8.08242361927145e-14	4	17	22	90	46	307	93	2090	RB1_BRCA2	RB1	No	Yes	BRCA2	No	Yes	Genitourinary	Loss	Primary	2669	0.976037405644095	FALSE	FALSE	FALSE	TRUE	0.0105335381186253
-1.19309925387817	0.459955169168997	-2.59394683189179	0.009488115836673	5044.45600837213	1.20792265079209e-13	11	15	44	62	158	161	498	1729	TP53_BRCA2	TP53	No	Yes	BRCA2	No	Yes	Genitourinary	Loss	Primary	2678	0.848829097587657	FALSE	FALSE	FALSE	TRUE	0.0711797413767927
-2.53205342821345	1.00499526219087	-2.51946802484781	0.0117532314823486	9375.56737026399	2.087219286294e-13	2	8	8	29	6	50	26	2470	MSH2_CTCF	MSH2	No	Yes	CTCF	No	Yes	Genitourinary	Loss	Primary	2599	0.848829097587657	FALSE	FALSE	FALSE	TRUE	0.0711797413767927
-2.5400541144061	1.14829229643635	-2.2120274796661	0.0269647662661294	8445.9785897601	-1.1701750898578e-13	1	9	14	26	13	168	70	2367	ARID1B_CTCF	ARID1B	No	Yes	CTCF	No	Yes	Genitourinary	Loss	Primary	2668	0.908877228033918	FALSE	FALSE	FALSE	TRUE	0.041494777711412
-2.91725982863385	1.14735442187283	-2.54259692822031	0.0110032077986186	7727.23739298994	-4.54303263862404e-13	1	6	11	38	66	126	111	2256	PBRM1_CUL3	PBRM1	No	Yes	CUL3	No	Yes	Genitourinary	Loss	Primary	2615	0.848829097587657	FALSE	FALSE	FALSE	TRUE	0.0711797413767927
-2.71416799562763	0.81827585220322	-3.3169352221744	0.00091010715075709	7227.26819250155	2.17825757431387e-13	2	17	15	98	65	115	107	2196	PBRM1_EP300	PBRM1	No	Yes	EP300	No	Yes	Genitourinary	Loss	Primary	2615	0.230257109141544	FALSE	FALSE	FALSE	TRUE	0.637786952170068
-1.56096248422655	0.622433765308785	-2.50783709243692	0.0121472655798308	7456.63803848999	4.30766533554209e-14	5	26	12	94	32	174	57	2224	TSC1_EP300	TSC1	No	Yes	EP300	No	Yes	Genitourinary	Loss	Primary	2624	0.848829097587657	FALSE	FALSE	FALSE	TRUE	0.0711797413767927
-2.21890434591613	0.971389305775288	-2.28425856937469	0.0223563392421263	7899.76666728397	-9.14823772292069e-14	2	4	9	20	65	128	113	2274	PBRM1_ERCC5	PBRM1	No	Yes	ERCC5	No	Yes	Genitourinary	Loss	Primary	2615	0.908877228033918	FALSE	FALSE	FALSE	TRUE	0.041494777711412
-2.37109267695789	1.16513036496604	-2.0350449599921	0.0418463493112494	7425.34251934677	-1.88959960982438e-13	1	21	5	34	22	431	31	2106	CDKN2A_FANCA	CDKN2A	No	Yes	FANCA	No	Yes	Genitourinary	Loss	Primary	2651	0.976037405644095	FALSE	FALSE	FALSE	TRUE	0.0105335381186253
-1.97826967456521	0.842455676270448	-2.3482181084268	0.0188634717196031	7428.5979572036	-3.06643599401545e-13	2	9	24	108	37	158	72	2223	APC_FAT1	APC	No	Yes	FAT1	No	Yes	Genitourinary	Loss	Primary	2633	0.908877228033918	FALSE	FALSE	FALSE	TRUE	0.041494777711412
-1.64705380142297	0.756463796638746	-2.17730684368697	0.0294576809086092	8101.01023899839	1.31006316905696e-14	3	15	24	61	11	162	60	2332	ARID1B_FBXW7	ARID1B	No	Yes	FBXW7	No	Yes	Genitourinary	Loss	Primary	2668	0.908877228033918	FALSE	FALSE	FALSE	TRUE	0.041494777711412
-2.56663829063628	1.11019049693435	-2.31188998439792	0.0207837468060007	7667.94138336836	-1.29007917661246e-13	1	9	16	75	38	158	80	2256	APC_FBXW7	APC	No	Yes	FBXW7	No	Yes	Genitourinary	Loss	Primary	2633	0.908877228033918	FALSE	FALSE	FALSE	TRUE	0.041494777711412
-2.58499010829855	1.29163818126583	-2.00132680017651	0.0453571834137361	7917.80177476338	5.08038053890461e-13	1	2	12	19	66	130	110	2275	PBRM1_FGFR2	PBRM1	No	Yes	FGFR2	Yes	No	Genitourinary	Loss	Primary	2615	0.976037405644095	FALSE	FALSE	FALSE	TRUE	0.0105335381186253
-1.02477175246534	0.4646712077341	-2.20536959340022	0.0274281699370011	7063.86152905229	1.1124434706743e-13	23	85	19	134	14	115	50	2184	TSC1_FGFR3	TSC1	No	Yes	FGFR3	Yes	No	Genitourinary	Loss	Primary	2624	0.908877228033918	FALSE	FALSE	FALSE	TRUE	0.041494777711412
-2.06882415165744	0.613569104697346	-3.37178670799914	0.000746822611010331	6462.79504734691	1.20570220474269e-13	6	123	11	119	17	329	25	2021	CDKN2A_FGFR3	CDKN2A	No	Yes	FGFR3	Yes	No	Genitourinary	Loss	Primary	2651	0.230257109141544	FALSE	FALSE	FALSE	TRUE	0.637786952170068
-1.74028552407179	0.856379076434517	-2.03214390911717	0.0421390893296053	5699.11870928711	1.9095836023552e-14	3	4	17	13	166	172	525	1778	TP53_FLT3	TP53	No	Yes	FLT3	Yes	No	Genitourinary	Loss	Primary	2678	0.976037405644095	FALSE	FALSE	FALSE	TRUE	0.0105335381186253
-2.74610424874159	1.23109520096459	-2.23061892093314	0.025706382397383	7909.62709063667	-1.80966355197439e-13	1	3	10	20	66	129	112	2274	PBRM1_FLT3	PBRM1	No	Yes	FLT3	Yes	No	Genitourinary	Loss	Primary	2615	0.908877228033918	FALSE	FALSE	FALSE	TRUE	0.041494777711412
-2.41154697549834	1.14164628278767	-2.11234163493252	0.0346571571746219	7569.57702056048	-1.80300221401474e-13	1	7	9	59	66	125	113	2235	PBRM1_GRIN2A	PBRM1	No	Yes	GRIN2A	No	Yes	Genitourinary	Loss	Primary	2615	0.937349303689539	FALSE	FALSE	FALSE	TRUE	0.0280985388926922
2.49572149596036	1.00201654545743	2.49069888843108	0.0127492117424233	7147.40269509918	1.38555833473097e-13	5	2	4	52	45	322	111	2128	RB1_HRAS	RB1	No	Yes	HRAS	Yes	No	Genitourinary	Loss	Primary	2669	0.848829097587657	FALSE	FALSE	FALSE	TRUE	0.0711797413767927
-2.67740823220611	1.20264799761152	-2.226260915516	0.0259967098142344	7907.64280451342	-1.23900891722538e-13	1	5	6	21	66	127	116	2273	PBRM1_INPP4B	PBRM1	No	Yes	INPP4B	No	Yes	Genitourinary	Loss	Primary	2615	0.908877228033918	FALSE	FALSE	FALSE	TRUE	0.041494777711412
-2.26227469602539	1.14302871811024	-1.97919322601587	0.0477942553122815	7340.31049921337	-1.98063789783569e-13	1	5	16	90	66	127	106	2204	PBRM1_KMT2A	PBRM1	No	Yes	KMT2A	No	Yes	Genitourinary	Loss	Primary	2615	0.976037405644095	FALSE	FALSE	FALSE	TRUE	0.0105335381186253
-1.58324588026809	0.736384388902437	-2.15002640486157	0.03155312621472	7581.72916593697	7.1720407390777e-14	3	11	17	84	36	156	79	2247	APC_KMT2A	APC	No	Yes	KMT2A	No	Yes	Genitourinary	Loss	Primary	2633	0.922510315136866	FALSE	FALSE	FALSE	TRUE	0.0350287690366794
-1.689779618465	0.860480406635597	-1.96376303915146	0.049557578224926	7580.88735297745	1.94289029309123e-13	2	10	13	88	35	190	56	2230	TSC1_KMT2A	TSC1	No	Yes	KMT2A	No	Yes	Genitourinary	Loss	Primary	2624	0.976037405644095	FALSE	FALSE	FALSE	TRUE	0.0105335381186253
-2.57423868452299	1.17192913381738	-2.19658220812192	0.0280502980488035	8121.10183864189	1.8141044002522e-13	1	7	7	23	38	160	89	2308	APC_MAP3K1	APC	No	Yes	MAP3K1	No	Yes	Genitourinary	Loss	Primary	2633	0.908877228033918	FALSE	FALSE	FALSE	TRUE	0.041494777711412
-2.44642150343058	1.22323369916701	-1.99996248067441	0.0455043154576705	7914.33500788098	1.88959956589155e-13	1	4	6	21	66	128	116	2273	PBRM1_MSH3	PBRM1	No	Yes	MSH3	No	Yes	Genitourinary	Loss	Primary	2615	0.976037405644095	FALSE	FALSE	FALSE	TRUE	0.0105335381186253
-1.49502756125632	0.678544215265713	-2.2032868715429	0.0275745357079354	7609.82777700162	-1.57207580286934e-13	4	15	13	78	33	185	56	2240	TSC1_NCOR1	TSC1	No	Yes	NCOR1	No	Yes	Genitourinary	Loss	Primary	2624	0.908877228033918	FALSE	FALSE	FALSE	TRUE	0.041494777711412
-1.14995074292966	0.507001853905187	-2.26813912823425	0.0233207281647301	5155.62440582432	-9.72555369571772e-14	10	10	46	49	159	166	496	1742	TP53_NCOR1	TP53	No	Yes	NCOR1	No	Yes	Genitourinary	Loss	Primary	2678	0.908877228033918	FALSE	FALSE	FALSE	TRUE	0.041494777711412
-1.81338614058035	0.815521705224723	-2.22359028455369	0.0261760228169657	6804.51218760929	1.19459997449552e-13	2	17	17	79	48	307	98	2101	RB1_NCOR1	RB1	No	Yes	NCOR1	No	Yes	Genitourinary	Loss	Primary	2669	0.908877228033918	FALSE	FALSE	FALSE	TRUE	0.041494777711412
-1.60424086075982	0.628076422940427	-2.55421283487978	0.0106428178924899	5334.93807845204	1.3722356584365e-13	5	8	35	38	164	168	507	1753	TP53_NOTCH1	TP53	No	Yes	NOTCH1	Yes	Yes	Genitourinary	Loss	Primary	2678	0.848829097587657	FALSE	FALSE	FALSE	TRUE	0.0711797413767927
-2.65605255728153	1.21601594891172	-2.18422509972717	0.0289457114228634	9086.99012390171	1.15463192377721e-13	1	6	11	66	7	52	23	2433	MSH2_NOTCH1	MSH2	No	Yes	NOTCH1	Yes	Yes	Genitourinary	Loss	Primary	2599	0.908877228033918	FALSE	FALSE	FALSE	TRUE	0.041494777711412
-1.72051168847197	0.870349022751695	-1.97680659539595	0.0480634959067243	7800.43077812621	1.44328993201038e-13	2	8	17	54	27	155	89	2267	SETD2_NSD1	SETD2	No	Yes	NSD1	Yes	Yes	Genitourinary	Loss	Primary	2619	0.976037405644095	FALSE	FALSE	FALSE	TRUE	0.0105335381186253
-1.68542878675043	0.785474697337451	-2.14574548672743	0.0318932899824212	7534.68146797208	-3.83248988100644e-13	3	6	15	59	64	126	107	2235	PBRM1_NSD1	PBRM1	No	Yes	NSD1	Yes	Yes	Genitourinary	Loss	Primary	2615	0.922510315136866	FALSE	FALSE	FALSE	TRUE	0.0350287690366794
-1.90878455739682	0.890573262405593	-2.1433212044126	0.0320873153091084	5624.01161301423	-8.83737527601975e-14	2	6	15	22	167	170	527	1769	TP53_NTRK3	TP53	No	Yes	NTRK3	Yes	No	Genitourinary	Loss	Primary	2678	0.922510315136866	FALSE	FALSE	FALSE	TRUE	0.0350287690366794
-1.53775526794092	0.575725633116348	-2.67098628146396	0.0075628737640959	7462.76813781272	4.11670697531004e-13	7	59	14	109	15	124	63	2239	BAP1_PBRM1	BAP1	No	Yes	PBRM1	No	Yes	Genitourinary	Loss	Primary	2630	0.848829097587657	FALSE	FALSE	FALSE	TRUE	0.0711797413767927
-2.06050658874258	0.432645157311435	-4.76257864885646	1.91134665083666e-06	7425.10112922731	3.60600438398194e-13	40	15	62	67	36	40	89	2237	VHL_PBRM1	VHL	No	Yes	PBRM1	No	Yes	Genitourinary	Loss	Primary	2586	0.00241785351330837	TRUE	TRUE	TRUE	TRUE	2.61657001459559
-2.55699237651425	1.16157133309607	-2.20132186776581	0.0277132458497243	8079.96046698565	-1.81632489009251e-13	1	7	8	27	38	160	88	2304	APC_PGR	APC	No	Yes	PGR	Yes	No	Genitourinary	Loss	Primary	2633	0.908877228033918	FALSE	FALSE	FALSE	TRUE	0.041494777711412
-2.63169611853967	1.18981424345334	-2.21185460925513	0.0269767124191598	7812.11459748011	5.01820785124371e-14	1	4	10	30	66	128	112	2264	PBRM1_PLCG2	PBRM1	No	Yes	PLCG2	Yes	No	Genitourinary	Loss	Primary	2615	0.908877228033918	FALSE	FALSE	FALSE	TRUE	0.041494777711412
-2.04405960483346	1.02266452908743	-1.99875868057873	0.0456344704568038	9339.90421694997	1.85629289717192e-13	2	6	8	34	6	52	26	2465	MSH2_PTCH1	MSH2	No	Yes	PTCH1	No	Yes	Genitourinary	Loss	Primary	2599	0.976037405644095	FALSE	FALSE	FALSE	TRUE	0.0105335381186253
-2.8503830985287	1.22743021079547	-2.32223638742069	0.0202202106842526	7904.90104229959	-4.11226610502523e-13	1	3	11	20	66	129	111	2274	PBRM1_RASA1	PBRM1	No	Yes	RASA1	No	Yes	Genitourinary	Loss	Primary	2615	0.908877228033918	FALSE	FALSE	FALSE	TRUE	0.041494777711412
-1.20903736820601	0.49522866187861	-2.44137195860115	0.0146315758619021	5009.21586520853	1.13242748511757e-13	20	7	101	37	149	169	441	1754	TP53_RB1	TP53	No	Yes	RB1	No	Yes	Genitourinary	Loss	Primary	2678	0.881378260252674	FALSE	FALSE	FALSE	TRUE	0.0548376658396469
-2.85186546469814	1.08814902754866	-2.62084088897522	0.00877131887162598	7078.85806935338	-3.79696296215825e-14	1	14	14	127	66	118	108	2167	PBRM1_RB1	PBRM1	No	Yes	RB1	No	Yes	Genitourinary	Loss	Primary	2615	0.848829097587657	FALSE	FALSE	FALSE	TRUE	0.0711797413767927
-2.08586522941831	0.942946654170468	-2.21207129819374	0.0269617389267796	7756.85881449437	-4.53859172466866e-13	2	4	13	34	65	128	109	2260	PBRM1_ROS1	PBRM1	No	Yes	ROS1	Yes	No	Genitourinary	Loss	Primary	2615	0.908877228033918	FALSE	FALSE	FALSE	TRUE	0.041494777711412
-3.13362957554943	1.08918971088356	-2.87702825709527	0.00401439645708518	7667.49692858501	2.28039807069815e-13	1	30	14	90	21	153	63	2258	BAP1_SETD2	BAP1	No	Yes	SETD2	No	Yes	Genitourinary	Loss	Primary	2630	0.634776439776594	FALSE	FALSE	FALSE	TRUE	0.197379200796996
-1.56924355368842	0.52057107823463	-3.01446549625859	0.00257432490741417	7460.88881411566	-4.13447054370415e-13	18	8	34	74	58	47	117	2230	VHL_SETD2	VHL	No	Yes	SETD2	No	Yes	Genitourinary	Loss	Primary	2586	0.465217286839846	FALSE	FALSE	FALSE	TRUE	0.33234415585316
-2.79925260656845	1.26935032975183	-2.20526401652705	0.0274355733187379	9468.78319989236	-1.38555835663209e-13	1	6	5	21	7	52	29	2478	MSH2_TCF7L2	MSH2	No	Yes	TCF7L2	No	Yes	Genitourinary	Loss	Primary	2599	0.908877228033918	FALSE	FALSE	FALSE	TRUE	0.041494777711412
-1.66159949766537	0.787349493747762	-2.11037094817475	0.0348264168169236	7941.44975181352	-2.24265050974343e-13	3	7	14	39	36	160	82	2292	APC_TET1	APC	No	Yes	TET1	No	Yes	Genitourinary	Loss	Primary	2633	0.937349303689539	FALSE	FALSE	FALSE	TRUE	0.0280985388926922
-2.03768959609727	1.00788780222765	-2.02174249117166	0.0432029616982868	7902.03559849785	-1.0946799022826e-13	2	3	10	20	65	129	112	2274	PBRM1_TGFBR2	PBRM1	No	Yes	TGFBR2	No	Yes	Genitourinary	Loss	Primary	2615	0.976037405644095	FALSE	FALSE	FALSE	TRUE	0.0105335381186253
-3.17708577601443	1.25427250997594	-2.53301076978509	0.011308747827552	9464.59260887046	2.24931182590896e-13	1	5	8	21	7	53	26	2478	MSH2_TGFBR2	MSH2	No	Yes	TGFBR2	No	Yes	Genitourinary	Loss	Primary	2599	0.848829097587657	FALSE	FALSE	FALSE	TRUE	0.0711797413767927
-1.94303066796478	0.481405821748716	-4.03615947332477	5.43332914854688e-05	5270.12517573272	-1.34781075189498e-13	7	48	40	585	60	84	82	1709	PBRM1_TP53	PBRM1	No	Yes	TP53	No	Yes	Genitourinary	Loss	Primary	2615	0.034365806864559	TRUE	TRUE	TRUE	TRUE	1.46387345496424
-1.36208898082646	0.392799031345124	-3.46764852286432	0.000525033513957507	4829.45454585466	-1.5698553568201e-13	31	105	91	484	19	219	24	1696	RB1_TP53	RB1	No	Yes	TP53	No	Yes	Genitourinary	Loss	Primary	2669	0.221389131718749	FALSE	FALSE	FALSE	TRUE	0.654843703016599
-1.71748817322959	0.6986005210867	-2.45846964236151	0.0139530572634734	5532.36097010323	1.00364161426086e-13	3	20	19	609	73	35	132	1695	VHL_TP53	VHL	No	Yes	TP53	No	Yes	Genitourinary	Loss	Primary	2586	0.881378260252674	FALSE	FALSE	FALSE	TRUE	0.0548376658396469
-1.39560660028317	0.552227926351433	-2.52722930820238	0.0114966411302624	5191.57748904885	1.13020703906809e-13	6	14	29	57	163	162	513	1734	TP53_TSC1	TP53	No	Yes	TSC1	No	Yes	Genitourinary	Loss	Primary	2678	0.848829097587657	FALSE	FALSE	FALSE	TRUE	0.0711797413767927
-1.93536365839138	0.852378049416167	-2.27054610300793	0.0231744693650692	8750.04730244418	2.48467912911103e-13	4	13	18	112	4	45	16	2387	MSH2_ZFHX3	MSH2	No	Yes	ZFHX3	No	Yes	Genitourinary	Loss	Primary	2599	0.908877228033918	FALSE	FALSE	FALSE	TRUE	0.041494777711412
-1.97093294254068	0.913388094602533	-2.15782639842524	0.0309413316247763	1855.21402542594	2.15383266777149e-14	5	3	12	6	266	24	517	279	TP53_GRIN2A	TP53	No	Yes	GRIN2A	No	Yes	Gynecologic	Loss	Metastasis	1112	0.99538525635084	FALSE	FALSE	FALSE	TRUE	0.00200879631541776
1.45410970553028	0.715251271582305	2.03300541125001	0.0420519763056642	1395.5694937191	3.33066907387026e-15	13	3	26	101	258	24	503	184	TP53_PTEN	TP53	No	Yes	PTEN	No	Yes	Gynecologic	Loss	Metastasis	1112	0.99538525635084	FALSE	FALSE	FALSE	TRUE	0.00200879631541776
-2.19390227206607	1.10987449962529	-1.97671202717673	0.0480741905333585	1849.57049681182	-3.86357612571993e-14	2	2	14	9	269	25	515	276	TP53_TET1	TP53	No	Yes	TET1	No	Yes	Gynecologic	Loss	Metastasis	1112	0.99538525635084	FALSE	FALSE	FALSE	TRUE	0.00200879631541776
-2.00305777607808	0.982304485787	-2.03914143227522	0.0414359141489119	2445.89421568905	2.47357689886371e-13	3	2	22	26	243	25	489	661	TP53_AXL	TP53	No	Yes	AXL	Yes	No	Gynecologic	Loss	Primary	1471	0.764359924835103	FALSE	FALSE	FALSE	TRUE	0.116702090951434
-2.6294693228416	0.835167479718786	-3.14843356176533	0.00164148032157702	2617.01923786893	2.88657986402468e-15	4	5	9	12	242	22	502	675	TP53_BAP1	TP53	No	Yes	BAP1	No	Yes	Gynecologic	Loss	Primary	1471	0.601191011551361	FALSE	FALSE	FALSE	TRUE	0.220987521203603
-2.1729318847674	1.00297491731746	-2.16648676576986	0.0302740100784796	2554.32028175616	-2.55351295664943e-14	3	2	16	16	243	25	495	671	TP53_CBL	TP53	No	Yes	CBL	No	Yes	Gynecologic	Loss	Primary	1471	0.723594133420356	FALSE	FALSE	FALSE	TRUE	0.140504962864594
-2.78266169122074	1.32267397606944	-2.10381525724874	0.0353945653749917	2656.69887333622	5.70654612720266e-14	1	2	8	13	245	25	503	674	TP53_CDKN2A	TP53	No	Yes	CDKN2A	No	Yes	Gynecologic	Loss	Primary	1471	0.739353143388715	FALSE	FALSE	FALSE	TRUE	0.131148076365747
-3.0524139231498	1.26963044597447	-2.40417511475711	0.0162090066921817	2374.34323780003	-2.88658205254091e-15	1	2	28	35	245	25	483	652	TP53_ERCC5	TP53	No	Yes	ERCC5	No	Yes	Gynecologic	Loss	Primary	1471	0.601191011551361	FALSE	FALSE	FALSE	TRUE	0.220987521203603
-2.96462116334072	1.09590431058007	-2.70518250062502	0.00682668726924771	2602.64714310995	-6.41708908235272e-14	2	2	16	11	244	25	495	676	TP53_FGFR1	TP53	No	Yes	FGFR1	Yes	No	Gynecologic	Loss	Primary	1471	0.601191011551361	FALSE	FALSE	FALSE	TRUE	0.220987521203603
-2.82391117437071	1.28019034087354	-2.20585258629886	0.0273943229327068	2478.12372467968	-5.10702613198138e-14	1	2	18	28	245	25	493	659	TP53_JAK2	TP53	No	Yes	JAK2	Yes	No	Gynecologic	Loss	Primary	1471	0.723594133420356	FALSE	FALSE	FALSE	TRUE	0.140504962864594
-2.11314146012566	0.894927382225789	-2.36124349538846	0.0182137671344321	2428.95801440635	8.39328606616579e-14	3	3	19	31	243	24	492	656	TP53_KDM6A	TP53	No	Yes	KDM6A	No	Yes	Gynecologic	Loss	Primary	1471	0.601191011551361	FALSE	FALSE	FALSE	TRUE	0.220987521203603
-3.20799623760126	1.27350961907698	-2.51902002901742	0.0117681962315726	2428.41373997581	-8.41549074523612e-14	1	2	26	28	245	25	485	659	TP53_KDR	TP53	No	Yes	KDR	Yes	No	Gynecologic	Loss	Primary	1471	0.601191011551361	FALSE	FALSE	FALSE	TRUE	0.220987521203603
-2.02055421789189	0.84169000755139	-2.40059190410256	0.0163685798433544	2395.26352536829	-1.48103751484999e-13	4	3	23	31	242	24	488	656	TP53_LATS1	TP53	No	Yes	LATS1	No	Yes	Gynecologic	Loss	Primary	1471	0.601191011551361	FALSE	FALSE	FALSE	TRUE	0.220987521203603
-2.2395772898316	1.04870965882578	-2.13555512813643	0.0327156922025161	2275.52151581154	1.0547118733918e-13	2	2	33	46	244	25	478	641	TP53_MAP3K1	TP53	No	Yes	MAP3K1	No	Yes	Gynecologic	Loss	Primary	1471	0.723594133420356	FALSE	FALSE	FALSE	TRUE	0.140504962864594
-3.26344835304668	1.2713384934307	-2.56693899375318	0.0102600661663199	2676.65945748264	5.48450152294021e-14	1	3	7	11	245	24	504	676	TP53_MAX	TP53	No	Yes	MAX	No	Yes	Gynecologic	Loss	Primary	1471	0.601191011551361	FALSE	FALSE	FALSE	TRUE	0.220987521203603
-2.66102840938718	1.34354265405941	-1.98060582695092	0.0476354949767185	2689.94308675572	-4.35207447571921e-14	1	2	6	11	245	25	505	676	TP53_MYD88	TP53	No	Yes	MYD88	Yes	No	Gynecologic	Loss	Primary	1471	0.814133914147552	FALSE	FALSE	FALSE	TRUE	0.08930415359735
-1.98787434815452	0.976914114096528	-2.03485067875485	0.0418658999727913	2402.42145363701	-8.88178419841009e-16	3	2	25	30	243	25	486	657	TP53_PBRM1	TP53	No	Yes	PBRM1	No	Yes	Gynecologic	Loss	Primary	1471	0.764359924835103	FALSE	FALSE	FALSE	TRUE	0.116702090951434
-3.20256684665627	1.30227385133845	-2.45921151174519	0.0139242555907455	2610.1404036868	1.01474382261221e-13	1	2	13	14	245	25	498	673	TP53_PDGFRB	TP53	No	Yes	PDGFRB	Yes	No	Gynecologic	Loss	Primary	1471	0.601191011551361	FALSE	FALSE	FALSE	TRUE	0.220987521203603
-3.51310269836951	1.52411325395873	-2.30501420366536	0.0211657779433469	2693.37705719006	9.81437110064545e-14	1	1	13	5	245	26	498	682	TP53_RAD51B	TP53	No	Yes	RAD51B	No	Yes	Gynecologic	Loss	Primary	1471	0.612179423592187	FALSE	FALSE	FALSE	TRUE	0.213121271881039
-3.03869053883901	1.49930907177529	-2.02672724126252	0.0426903149508967	2665.41678065882	-4.72955052204748e-14	1	1	13	8	245	26	498	679	TP53_RAD51C	TP53	No	Yes	RAD51C	No	Yes	Gynecologic	Loss	Primary	1471	0.764359924835103	FALSE	FALSE	FALSE	TRUE	0.116702090951434
-2.25428279613317	1.04962747702113	-2.14769796473971	0.0317377571645145	2291.53245749685	1.61204383175345e-13	2	2	32	44	244	25	479	643	TP53_SETD2	TP53	No	Yes	SETD2	No	Yes	Gynecologic	Loss	Primary	1471	0.723594133420356	FALSE	FALSE	FALSE	TRUE	0.140504962864594
-2.66711831043395	1.00275360391443	-2.65979429046415	0.00781883897246066	2544.50433524457	2.53130849614424e-13	3	2	21	13	243	25	490	674	TP53_SH2B3	TP53	No	Yes	SH2B3	No	Yes	Gynecologic	Loss	Primary	1471	0.601191011551361	FALSE	FALSE	FALSE	TRUE	0.220987521203603
-2.80957271588674	1.09434696765414	-2.56735093981152	0.0102478838616608	2601.43010186064	4.35207425649935e-14	2	2	15	12	244	25	496	675	TP53_SMAD2	TP53	No	Yes	SMAD2	No	Yes	Gynecologic	Loss	Primary	1471	0.601191011551361	FALSE	FALSE	FALSE	TRUE	0.220987521203603
-2.83596133607341	1.21097701503142	-2.34187874821045	0.0191869471771711	2409.17390846113	1.28563824065262e-13	1	3	17	40	245	24	494	647	TP53_TBX3	TP53	No	Yes	TBX3	No	Yes	Gynecologic	Loss	Primary	1471	0.601191011551361	FALSE	FALSE	FALSE	TRUE	0.220987521203603
-3.22975839345871	1.18491132882314	-2.72573847079893	0.00641578116501372	3049.18148868084	-7.32747218082321e-14	1	80	12	663	6	21	11	672	BAP1_TP53	BAP1	No	Yes	TP53	No	Yes	Gynecologic	Loss	Primary	1466	0.601191011551361	FALSE	FALSE	FALSE	TRUE	0.220987521203603
-3.70689795952333	1.73573815477876	-2.1356320072343	0.0327094204066516	836.261267269677	5.19584331792e-14	1	4	2	1	8	44	9	252	RB1_IFNGR1	RB1	No	Yes	IFNGR1	No	Yes	Head-and-Neck	Loss	Metastasis	321	0.999692310127777	FALSE	FALSE	FALSE	TRUE	0.000133648575855134
-3.28386067491085	1.42401399455586	-2.30605927151374	0.0211073206705102	797.117330669671	1.08801834533814e-14	1	6	3	4	8	42	8	249	RB1_PTPRD	RB1	No	Yes	PTPRD	No	Yes	Head-and-Neck	Loss	Metastasis	321	0.999692310127777	FALSE	FALSE	FALSE	TRUE	0.000133648575855134
-2.69400107984026	1.1594373513352	-2.32354173922193	0.0201500681046381	1622.93393734171	2.7755573427852e-14	1	5	45	40	19	28	144	558	NF1_BRCA2	NF1	No	Yes	BRCA2	No	Yes	Skin	Loss	Metastasis	840	0.998056108808112	FALSE	FALSE	FALSE	TRUE	0.000845042820061241
-1.89413588572473	0.771251934573446	-2.4559236752804	0.0140522999418456	1586.31040528846	6.88338275267555e-14	5	6	17	8	50	60	172	538	TP53_CDH1	TP53	No	Yes	CDH1	No	Yes	Skin	Loss	Metastasis	856	0.998056108808112	FALSE	FALSE	FALSE	TRUE	0.000845042820061241
2.31270322315963	0.989565353051527	2.33708993148147	0.0194345084365132	1865.18448750056	1.02140518265491e-14	4	3	4	48	12	149	30	590	PPP6C_DOT1L	PPP6C	No	Yes	DOT1L	Yes	No	Skin	Loss	Metastasis	840	0.998056108808112	FALSE	FALSE	FALSE	TRUE	0.000845042820061241
-1.79421145247537	0.655996882901332	-2.73509142991651	0.00623629514347854	1297.25230236522	-2.75335310107112e-14	4	28	15	104	45	141	27	504	PTEN_EPHA7	PTEN	No	Yes	EPHA7	Yes	Yes	Skin	Loss	Metastasis	868	0.998056108808112	FALSE	FALSE	FALSE	TRUE	0.000845042820061241
-1.87522432211505	0.941183422728915	-1.99241112500466	0.0463259677044563	1928.27768057598	5.83977310952819e-14	3	4	17	7	17	29	172	591	NF1_ESR1	NF1	No	Yes	ESR1	Yes	No	Skin	Loss	Metastasis	840	0.998056108808112	FALSE	FALSE	FALSE	TRUE	0.000845042820061241
2.8083108860194	1.41576287052279	1.98360258238896	0.0473001611055403	2068.26518082207	5.0404123131173e-14	3	2	1	18	13	150	33	620	PPP6C_ETV6	PPP6C	No	Yes	ETV6	No	Yes	Skin	Loss	Metastasis	840	0.998056108808112	FALSE	FALSE	FALSE	TRUE	0.000845042820061241
-2.0123266050171	0.822253090905245	-2.44733236916344	0.0143918054364561	1552.55535802604	1.0036416142611e-13	3	6	18	13	52	60	171	533	TP53_FANCA	TP53	No	Yes	FANCA	No	Yes	Skin	Loss	Metastasis	856	0.998056108808112	FALSE	FALSE	FALSE	TRUE	0.000845042820061241
-1.69346104528237	0.710158205325986	-2.38462504915368	0.017096536463483	1411.71681994303	3.81916720470888e-14	4	9	64	74	16	24	125	524	NF1_FAT1	NF1	No	Yes	FAT1	No	Yes	Skin	Loss	Metastasis	840	0.998056108808112	FALSE	FALSE	FALSE	TRUE	0.000845042820061241
-2.21134190059041	1.05941536826321	-2.08732284506657	0.03685896107468	2100.65355878025	6.43929354269381e-15	2	15	4	62	13	90	5	653	B2M_FGFR2	B2M	No	Yes	FGFR2	Yes	No	Skin	Loss	Metastasis	844	0.998056108808112	FALSE	FALSE	FALSE	TRUE	0.000845042820061241
-2.74364226235985	1.29427592388615	-2.11982793755591	0.0340205583488567	1688.26382087461	-1.21458401074057e-13	1	3	10	5	54	63	179	541	TP53_FUBP1	TP53	No	Yes	FUBP1	No	Yes	Skin	Loss	Metastasis	856	0.998056108808112	FALSE	FALSE	FALSE	TRUE	0.000845042820061241
-2.35057407049801	0.941632348727955	-2.4962758274749	0.0125504968386647	1605.90560013258	-5.72875080707948e-14	2	6	13	10	53	60	176	536	TP53_IGF1	TP53	No	Yes	IGF1	Yes	No	Skin	Loss	Metastasis	856	0.998056108808112	FALSE	FALSE	FALSE	TRUE	0.000845042820061241
-2.32263278829759	0.981621113134141	-2.36611942960542	0.0179756446545801	1653.13366429657	1.12798659301807e-13	2	6	9	7	53	60	180	539	TP53_INPP4B	TP53	No	Yes	INPP4B	No	Yes	Skin	Loss	Metastasis	856	0.998056108808112	FALSE	FALSE	FALSE	TRUE	0.000845042820061241
-1.62559882717386	0.791537518087594	-2.05372302642256	0.0400025065969463	1497.53568816067	-3.24185123190577e-14	3	7	17	21	52	59	172	525	TP53_IRS2	TP53	No	Yes	IRS2	Yes	No	Skin	Loss	Metastasis	856	0.998056108808112	FALSE	FALSE	FALSE	TRUE	0.000845042820061241
2.39513665031254	1.2118752592663	1.97638876773722	0.048110762724337	1848.45261077266	5.70654612785727e-14	5	1	8	26	15	32	181	572	NF1_KDM5C	NF1	No	Yes	KDM5C	No	Yes	Skin	Loss	Metastasis	840	0.998056108808112	FALSE	FALSE	FALSE	TRUE	0.000845042820061241
-1.96853932322743	0.95641072072828	-2.05825727437313	0.0395654432343624	1725.29997822585	7.0610184366067e-14	2	4	38	25	18	29	151	573	NF1_MTOR	NF1	No	Yes	MTOR	Yes	No	Skin	Loss	Metastasis	840	0.998056108808112	FALSE	FALSE	FALSE	TRUE	0.000845042820061241
-1.75185256347467	0.870461442037931	-2.01255619016647	0.0441613397622524	1741.76732562905	-2.90878432451831e-14	3	4	40	21	17	29	149	577	NF1_PDGFRB	NF1	No	Yes	PDGFRB	Yes	No	Skin	Loss	Metastasis	840	0.998056108808112	FALSE	FALSE	FALSE	TRUE	0.000845042820061241
-2.78026749812	1.33211588328726	-2.0871063343672	0.0368785236094973	2362.5584873457	-5.35127519760096e-14	1	5	4	24	14	100	5	691	B2M_RAD50	B2M	No	Yes	RAD50	No	Yes	Skin	Loss	Metastasis	844	0.998056108808112	FALSE	FALSE	FALSE	TRUE	0.000845042820061241
-3.28964489570991	1.53898671138753	-2.13753950659133	0.032554136008014	1076.90658725086	-2.0872195047236e-14	1	3	2	3	13	26	12	322	BAP1_CBFB	BAP1	No	Yes	CBFB	No	Yes	Skin	Loss	Primary	382	0.999106294485942	FALSE	FALSE	FALSE	TRUE	0.000388304914179961
-3.04769201243797	1.38310660736272	-2.20351200421871	0.0275586818319395	1023.41454799892	-2.77555778003298e-14	1	3	4	9	13	26	10	316	BAP1_IGF1R	BAP1	No	Yes	IGF1R	Yes	No	Skin	Loss	Primary	382	0.999106294485942	FALSE	FALSE	FALSE	TRUE	0.000388304914179961
-3.32542482309631	1.61023576035145	-2.06517884211595	0.0389060816728694	777.481771312717	1.57651625766571e-14	1	3	7	1	14	36	74	252	TP53_PALB2	TP53	No	Yes	PALB2	No	Yes	Skin	Loss	Primary	388	0.999106294485942	FALSE	FALSE	FALSE	TRUE	0.000388304914179961
-3.2420341600109	1.30546188407616	-2.48343839031745	0.0130120840902048	592.307991937595	1.99840144430347e-14	2	3	4	2	36	14	60	199	TP53_ARID1A	TP53	No	Yes	ARID1A	No	Yes	Soft-Tissue	Loss	Metastasis	320	0.98228527868899	FALSE	FALSE	FALSE	TRUE	0.00776236458811215
-1.80223076909536	0.827004902918302	-2.17922622071009	0.0293148669742361	450.185252684344	-1.77635683940034e-14	5	21	6	22	16	76	7	176	RB1_ATRX	RB1	No	Yes	ATRX	No	Yes	Soft-Tissue	Loss	Metastasis	329	0.98228527868899	FALSE	FALSE	FALSE	TRUE	0.00776236458811215
-3.66854702543412	1.81973821306953	-2.01597515460536	0.0438025738841936	611.618658138857	3.99680223298194e-14	1	1	5	1	37	16	59	200	TP53_EPHA3	TP53	No	Yes	EPHA3	No	Yes	Soft-Tissue	Loss	Metastasis	320	0.98228527868899	FALSE	FALSE	FALSE	TRUE	0.00776236458811215
-3.05379607446197	1.42571198644789	-2.1419445887317	0.0321979412299294	638.104179829001	-1.77635902717798e-15	1	5	3	3	20	92	10	195	RB1_NSD1	RB1	No	Yes	NSD1	Yes	Yes	Soft-Tissue	Loss	Metastasis	329	0.98228527868899	FALSE	FALSE	FALSE	TRUE	0.00776236458811215
-2.50369456365363	1.23831657264313	-2.02185339271492	0.0431914999185407	569.102323279314	-1.11022302484176e-15	2	2	6	4	36	15	58	197	TP53_PTEN	TP53	No	Yes	PTEN	No	Yes	Soft-Tissue	Loss	Metastasis	320	0.98228527868899	FALSE	FALSE	FALSE	TRUE	0.00776236458811215
-3.68470637526533	1.70602897021822	-2.15981465707115	0.0307870205243829	716.198344193201	3.33066470264799e-15	1	2	3	1	52	25	73	233	TP53_INPPL1	TP53	No	Yes	INPPL1	No	Yes	Soft-Tissue	Loss	Primary	390	0.994172888830728	FALSE	FALSE	FALSE	TRUE	0.00253808427864643
-3.98618176984941	1.68148500092469	-2.37063177349622	0.0177577126584155	710.129868080798	2.08721884882848e-14	1	2	4	1	52	25	72	233	TP53_MLH1	TP53	No	Yes	MLH1	No	Yes	Soft-Tissue	Loss	Primary	390	0.994172888830728	FALSE	FALSE	FALSE	TRUE	0.00253808427864643
1.96449660514163	0.900198440192123	2.18229283392489	0.0290879275552267	4468.6364675027	1.06137321154164e-13	6	3	4	30	61	186	220	1411	KEAP1_ANKRD11	KEAP1	No	Yes	ANKRD11	No	Yes	Thoracic	Loss	Metastasis	1921	0.999554933982185	FALSE	FALSE	FALSE	TRUE	0.000193332741728505
1.546453010638	0.62737736044095	2.46494870256568	0.0137032868321058	4213.09815748419	2.22710738739794e-13	7	19	7	129	29	214	131	1398	SMARCA4_ATM	SMARCA4	No	Yes	ATM	No	Yes	Thoracic	Loss	Metastasis	1934	0.999554933982185	FALSE	FALSE	FALSE	TRUE	0.000193332741728505
-1.54689582968844	0.655372090539361	-2.36033217162997	0.0182585778559481	4270.55120395069	-3.59712259978645e-14	4	13	21	36	63	176	203	1405	KEAP1_BRCA2	KEAP1	No	Yes	BRCA2	No	Yes	Thoracic	Loss	Metastasis	1921	0.999554933982185	FALSE	FALSE	FALSE	TRUE	0.000193332741728505
1.70421332866191	0.865749585678966	1.96848298497928	0.0490124919637976	4865.6955619722	2.5801583092287e-13	5	7	3	35	31	226	135	1492	SMARCA4_DICER1	SMARCA4	No	Yes	DICER1	No	Yes	Thoracic	Loss	Metastasis	1934	0.999554933982185	FALSE	FALSE	FALSE	TRUE	0.000193332741728505
-1.99696531985557	0.84973206456077	-2.35011176245045	0.0187677749097595	3102.91697161882	5.99520433297477e-14	4	5	17	5	323	136	855	624	TP53_ERCC2	TP53	No	Yes	ERCC2	No	Yes	Thoracic	Loss	Metastasis	1969	0.999554933982185	FALSE	FALSE	FALSE	TRUE	0.000193332741728505
2.45310773442394	0.986583592688926	2.48646719102434	0.0129018465544753	4891.45195451861	-2.4424906541765e-13	5	2	5	35	31	231	133	1492	SMARCA4_FANCA	SMARCA4	No	Yes	FANCA	No	Yes	Thoracic	Loss	Metastasis	1934	0.999554933982185	FALSE	FALSE	FALSE	TRUE	0.000193332741728505
-2.47527918567224	1.17704754033136	-2.10295599868073	0.0354696160153084	5477.54192471103	4.32986957829293e-14	1	11	7	17	16	245	39	1567	KDM5C_FGFR1	KDM5C	No	Yes	FGFR1	Yes	No	Thoracic	Loss	Metastasis	1903	0.999554933982185	FALSE	FALSE	FALSE	TRUE	0.000193332741728505
3.33954848433772	1.66043384639465	2.01125054851717	0.0442989989758424	5916.53608912121	-4.48530145681804e-14	2	1	1	20	6	246	28	1628	NF2_FUBP1	NF2	No	Yes	FUBP1	No	Yes	Thoracic	Loss	Metastasis	1932	0.999554933982185	FALSE	FALSE	FALSE	TRUE	0.000193332741728505
-1.95997995810415	0.944408085227801	-2.07535279373576	0.037953849855263	3089.15892911115	1.0214051826548e-14	4	3	22	4	323	138	850	625	TP53_GATA3	TP53	No	Yes	GATA3	Yes	Yes	Thoracic	Loss	Metastasis	1969	0.999554933982185	FALSE	FALSE	FALSE	TRUE	0.000193332741728505
2.95411208817684	1.4195551185736	2.08101260002162	0.0374327527734834	5852.72088417953	-1.16129330561538e-13	3	1	2	17	10	221	56	1645	TET1_IGF2	TET1	No	Yes	IGF2	Yes	No	Thoracic	Loss	Metastasis	1955	0.999554933982185	FALSE	FALSE	FALSE	TRUE	0.000193332741728505
-2.33823316689647	1.14231635843114	-2.04692259691335	0.0406656850122967	5347.34111269683	3.00204303679356e-13	1	18	6	52	29	221	42	1597	PTEN_INPP4B	PTEN	No	Yes	INPP4B	No	Yes	Thoracic	Loss	Metastasis	1966	0.999554933982185	FALSE	FALSE	FALSE	TRUE	0.000193332741728505
-1.47124979113947	0.749080125493032	-1.96407532528128	0.0495213572187318	4223.45654305534	-2.0383694732118e-13	3	12	16	21	46	389	108	1305	PTPRD_IRS2	PTPRD	No	Yes	IRS2	Yes	No	Thoracic	Loss	Metastasis	1900	0.999554933982185	FALSE	FALSE	FALSE	TRUE	0.000193332741728505
-1.56935094183515	0.675681699045226	-2.32261868872981	0.0201996458425484	3896.08532499737	3.79474229816864e-13	3	55	36	204	18	165	100	1361	ARID1A_KEAP1	ARID1A	No	Yes	KEAP1	No	Yes	Thoracic	Loss	Metastasis	1942	0.999554933982185	FALSE	FALSE	FALSE	TRUE	0.000193332741728505
-2.04956925011862	0.904832430210131	-2.26513681615351	0.0235042849942617	3111.83856704558	4.37427871702285e-14	4	4	18	4	323	137	854	625	TP53_MAP2K4	TP53	No	Yes	MAP2K4	No	Yes	Thoracic	Loss	Metastasis	1969	0.999554933982185	FALSE	FALSE	FALSE	TRUE	0.000193332741728505
3.18102017588737	1.41550027168033	2.24727627364649	0.0246223762311621	5814.30400339241	1.63202782433565e-13	3	2	1	21	10	220	57	1641	TET1_MAX	TET1	No	Yes	MAX	No	Yes	Thoracic	Loss	Metastasis	1955	0.999554933982185	FALSE	FALSE	FALSE	TRUE	0.000193332741728505
-2.7155897344196	1.17682469771117	-2.30755671571239	0.0210238043091002	4480.32164553959	-1.02140540101864e-14	1	11	5	14	102	336	110	1394	RB1_MYOD1	RB1	No	Yes	MYOD1	No	Yes	Thoracic	Loss	Metastasis	1973	0.999554933982185	FALSE	FALSE	FALSE	TRUE	0.000193332741728505
2.02682467533	0.803183254333934	2.52348970722853	0.0116196462098983	4807.67963596776	2.28705943072766e-13	4	7	6	73	17	213	130	1492	ARID1A_NOTCH1	ARID1A	No	Yes	NOTCH1	Yes	Yes	Thoracic	Loss	Metastasis	1942	0.999554933982185	FALSE	FALSE	FALSE	TRUE	0.000193332741728505
-2.45745789222647	1.11148187143549	-2.21097433559814	0.0270376143343001	4473.49555908085	-2.33146837353826e-13	1	10	14	27	62	214	184	1430	STK11_PDGFRB	STK11	No	Yes	PDGFRB	Yes	No	Thoracic	Loss	Metastasis	1942	0.999554933982185	FALSE	FALSE	FALSE	TRUE	0.000193332741728505
2.99560068590251	1.47701156259535	2.02814978688369	0.0425449629079795	5434.70566662783	1.92290625678644e-13	2	2	1	34	9	298	27	1520	ERCC5_PLCG2	ERCC5	No	Yes	PLCG2	Yes	No	Thoracic	Loss	Metastasis	1893	0.999554933982185	FALSE	FALSE	FALSE	TRUE	0.000193332741728505
1.97946362216364	0.946069782712226	2.09230191930329	0.0364115161370242	5177.95000040368	-2.07389660999989e-13	4	3	5	25	17	217	131	1540	ARID1A_POLD1	ARID1A	No	Yes	POLD1	No	Yes	Thoracic	Loss	Metastasis	1942	0.999554933982185	FALSE	FALSE	FALSE	TRUE	0.000193332741728505
-1.7509120782046	0.853111755665561	-2.05238301614847	0.0401324537813315	5000.49016981162	-1.0280665208049e-13	2	20	10	46	27	214	73	1533	APC_PTEN	APC	No	Yes	PTEN	No	Yes	Thoracic	Loss	Metastasis	1925	0.999554933982185	FALSE	FALSE	FALSE	TRUE	0.000193332741728505
-1.69922321630625	0.81076936371968	-2.09581576752048	0.0360985370908738	4428.62524386613	-1.90514271025767e-13	2	30	17	135	27	204	66	1444	APC_PTPRD	APC	No	Yes	PTPRD	No	Yes	Thoracic	Loss	Metastasis	1925	0.999554933982185	FALSE	FALSE	FALSE	TRUE	0.000193332741728505
-1.49055701618322	0.727262373086868	-2.04954507663657	0.0404088447751331	2942.99935115589	5.06261699229043e-14	12	5	31	5	315	136	841	624	TP53_ROS1	TP53	No	Yes	ROS1	Yes	No	Thoracic	Loss	Metastasis	1969	0.999554933982185	FALSE	FALSE	FALSE	TRUE	0.000193332741728505
3.40209464497585	1.68837750791959	2.01500827215348	0.0439037823362557	6122.02449986605	3.1530333461984e-13	2	1	1	18	4	223	25	1671	TGFBR1_RUNX1	TGFBR1	No	Yes	RUNX1	No	Yes	Thoracic	Loss	Metastasis	1945	0.999554933982185	FALSE	FALSE	FALSE	TRUE	0.000193332741728505
-2.21454625916514	1.03711056478231	-2.13530392454344	0.0327361925690055	3154.29912767082	-5.75095526755876e-14	3	3	16	3	324	138	856	626	TP53_RUNX1	TP53	No	Yes	RUNX1	No	Yes	Thoracic	Loss	Metastasis	1969	0.999554933982185	FALSE	FALSE	FALSE	TRUE	0.000193332741728505
1.43618704113576	0.677902616995747	2.11857426882418	0.0341264622124243	4052.03733309006	4.44089209848539e-15	7	5	13	82	60	184	211	1359	KEAP1_SETD2	KEAP1	No	Yes	SETD2	No	Yes	Thoracic	Loss	Metastasis	1921	0.999554933982185	FALSE	FALSE	FALSE	TRUE	0.000193332741728505
1.74958510342658	0.842799909686763	2.07591989903848	0.0379013599654515	4765.71477650056	-5.10702591329526e-15	5	3	9	48	31	230	129	1479	SMARCA4_SPEN	SMARCA4	No	Yes	SPEN	No	Yes	Thoracic	Loss	Metastasis	1934	0.999554933982185	FALSE	FALSE	FALSE	TRUE	0.000193332741728505
-1.29603729184179	0.655466556921515	-1.9772744744275	0.0480106133354817	4088.89468840786	-2.34035013590993e-13	4	20	16	31	45	381	108	1295	PTPRD_TBX3	PTPRD	No	Yes	TBX3	No	Yes	Thoracic	Loss	Metastasis	1900	0.999554933982185	FALSE	FALSE	FALSE	TRUE	0.000193332741728505
-2.32570907195183	1.10883681761284	-2.09743132173293	0.0359554108255295	5015.38589566711	-8.37108182528415e-14	1	16	11	47	28	218	72	1532	APC_TET1	APC	No	Yes	TET1	No	Yes	Thoracic	Loss	Metastasis	1925	0.999554933982185	FALSE	FALSE	FALSE	TRUE	0.000193332741728505
-0.90226629330322	0.419437227068525	-2.15113546217445	0.0314655091901793	2154.00339438018	9.85878045866978e-14	36	257	103	745	13	144	21	581	PTPRD_TP53	PTPRD	No	Yes	TP53	No	Yes	Thoracic	Loss	Metastasis	1900	0.999554933982185	FALSE	FALSE	FALSE	TRUE	0.000193332741728505
-1.62730616626493	0.790492158084248	-2.05859874715101	0.0395326928830928	3526.09371453821	3.37507799485786e-14	12	210	33	936	3	36	7	693	RASA1_TP53	RASA1	No	Yes	TP53	No	Yes	Thoracic	Loss	Metastasis	1930	0.999554933982185	FALSE	FALSE	FALSE	TRUE	0.000193332741728505
-1.24167269957843	0.533238407104945	-2.3285507627249	0.019882877055367	3153.8666098704	9.14823772291024e-14	22	202	58	906	7	32	25	673	APC_TP53	APC	No	Yes	TP53	No	Yes	Thoracic	Loss	Metastasis	1925	0.999554933982185	FALSE	FALSE	FALSE	TRUE	0.000193332741728505
-1.16824202783464	0.553430208818957	-2.11091120292785	0.034779944973669	3413.22384508899	-1.4610535004069e-13	22	195	35	947	8	44	13	702	PTEN_TP53	PTEN	No	Yes	TP53	No	Yes	Thoracic	Loss	Metastasis	1966	0.999554933982185	FALSE	FALSE	FALSE	TRUE	0.000193332741728505
-1.75740263064117	0.605276282745051	-2.90347182062213	0.00369050180933007	3250.99123157178	9.48130463029868e-14	4	86	61	997	21	42	70	617	ATM_TP53	ATM	No	Yes	TP53	No	Yes	Thoracic	Loss	Metastasis	1898	0.999554933982185	FALSE	FALSE	FALSE	TRUE	0.000193332741728505
-2.51913685824047	1.27798897863595	-1.97117260035314	0.0487041368061798	6122.06128383784	3.33066688127696e-15	1	8	4	20	9	177	11	1679	CYLD_TP53BP1	CYLD	No	Yes	TP53BP1	No	Yes	Thoracic	Loss	Metastasis	1909	0.999554933982185	FALSE	FALSE	FALSE	TRUE	0.000193332741728505
1.76769764356527	0.800220732902868	2.20901255226517	0.0271737678391561	4855.25366428504	1.3211653993039e-13	6	5	5	36	30	228	133	1491	SMARCA4_TP63	SMARCA4	No	Yes	TP63	Yes	Yes	Thoracic	Loss	Metastasis	1934	0.999554933982185	FALSE	FALSE	FALSE	TRUE	0.000193332741728505
-1.82625435319654	0.707241169687112	-2.58222291273639	0.00981661557256482	2966.54705344288	4.48530101948492e-14	7	6	29	7	320	135	843	622	TP53_TSC2	TP53	No	Yes	TSC2	No	Yes	Thoracic	Loss	Metastasis	1969	0.999554933982185	FALSE	FALSE	FALSE	TRUE	0.000193332741728505
2.20866447983896	0.994341979003549	2.22123225859609	0.026335234350769	10261.9766161609	5.84199355557746e-13	3	6	8	102	3	181	68	2873	KDM5C_AMER1	KDM5C	No	Yes	AMER1	No	Yes	Thoracic	Loss	Primary	3244	0.99969143487568	FALSE	FALSE	FALSE	TRUE	0.000134028810171794
2.84692566221038	1.45224607589618	1.96036037518886	0.049953683837041	10552.6750099325	2.79998244624789e-13	2	2	1	69	14	172	59	2902	NF2_ANKRD11	NF2	No	Yes	ANKRD11	No	Yes	Thoracic	Loss	Primary	3221	0.99969143487568	FALSE	FALSE	FALSE	TRUE	0.000134028810171794
2.79234613705188	1.35607260705133	2.05914205665109	0.0394806319844773	9973.17082563321	1.31006314717986e-13	2	4	1	106	17	238	62	2819	RASA1_BAP1	RASA1	No	Yes	BAP1	No	Yes	Thoracic	Loss	Primary	3249	0.99969143487568	FALSE	FALSE	FALSE	TRUE	0.000134028810171794
2.01008866629506	0.999623824076058	2.01084509780763	0.0443418209465893	9451.75570257989	-6.23501250629606e-13	3	11	2	97	19	189	156	2750	ARID1A_BAP1	ARID1A	No	Yes	BAP1	No	Yes	Thoracic	Loss	Primary	3227	0.99969143487568	FALSE	FALSE	FALSE	TRUE	0.000134028810171794
1.82077989099409	0.860290339650923	2.11647139003432	0.034304735974853	8434.88428436117	2.49578135935625e-13	7	2	17	85	59	156	344	2577	STK11_BCOR	STK11	No	Yes	BCOR	No	Yes	Thoracic	Loss	Primary	3247	0.99969143487568	FALSE	FALSE	FALSE	TRUE	0.000134028810171794
2.02137553504774	1.01327876482765	1.99488591413594	0.0460553241471192	10569.1573737147	-2.91988655476484e-13	3	8	3	75	5	190	62	2926	FBXW7_BRCA2	FBXW7	No	Yes	BRCA2	No	Yes	Thoracic	Loss	Primary	3272	0.99969143487568	FALSE	FALSE	FALSE	TRUE	0.000134028810171794
-1.20304792789145	0.609200860285941	-1.97479683027166	0.0482912089086303	5361.5284993737	3.56159546299728e-13	13	4	157	43	242	112	1140	1564	TP53_CDKN2A	TP53	No	Yes	CDKN2A	No	Yes	Thoracic	Loss	Primary	3275	0.99969143487568	FALSE	FALSE	FALSE	TRUE	0.000134028810171794
2.16669807126807	1.09330248217926	1.98179196204625	0.0475025294668235	10270.3099358643	1.28119737041609e-13	3	7	2	85	6	303	27	2845	FOXP1_CTNNB1	FOXP1	Yes	Yes	CTNNB1	Yes	No	Thoracic	Loss	Primary	3278	0.99969143487568	FALSE	FALSE	FALSE	TRUE	0.000134028810171794
3.07730729465248	1.38115461167028	2.2280686525971	0.0258759372902029	10478.5432258546	2.83328913697088e-13	2	8	1	75	4	179	75	2900	KDM5C_DOT1L	KDM5C	No	Yes	DOT1L	Yes	No	Thoracic	Loss	Primary	3244	0.99969143487568	FALSE	FALSE	FALSE	TRUE	0.000134028810171794
-1.50951335223253	0.696881688505064	-2.16609702497809	0.0303037735026972	5996.77644644028	-1.52322598978609e-13	6	4	62	26	249	112	1235	1581	TP53_EPHA7	TP53	No	Yes	EPHA7	Yes	Yes	Thoracic	Loss	Primary	3275	0.99969143487568	FALSE	FALSE	FALSE	TRUE	0.000134028810171794
2.62048094404235	0.974408898866396	2.68930317353521	0.0071601357831932	9642.03855272785	1.55431223447493e-14	3	11	6	204	3	176	70	2771	KDM5C_FAT1	KDM5C	No	Yes	FAT1	No	Yes	Thoracic	Loss	Primary	3244	0.99969143487568	FALSE	FALSE	FALSE	TRUE	0.000134028810171794
-1.41135048691721	0.692331263110015	-2.03854796413107	0.0414951631179726	6304.88015494595	2.08943973234445e-13	6	5	28	16	249	111	1269	1591	TP53_FGFR4	TP53	No	Yes	FGFR4	Yes	No	Thoracic	Loss	Primary	3275	0.99969143487568	FALSE	FALSE	FALSE	TRUE	0.000134028810171794
3.06320665173611	1.37875406446051	2.22172084978382	0.0263021766094632	10597.7641096899	1.93178784423734e-14	2	5	1	76	6	193	64	2925	FBXW7_KDM5C	FBXW7	No	Yes	KDM5C	No	Yes	Thoracic	Loss	Primary	3272	0.99969143487568	FALSE	FALSE	FALSE	TRUE	0.000134028810171794
2.57200782822313	1.31006387189595	1.96326903092203	0.0496149219396354	9240.30557738458	-2.64455126651792e-13	3	1	3	51	55	121	314	2691	KEAP1_LATS1	KEAP1	No	Yes	LATS1	No	Yes	Thoracic	Loss	Primary	3239	0.99969143487568	FALSE	FALSE	FALSE	TRUE	0.000134028810171794
-1.88673235652396	0.881531153663303	-2.14029004951604	0.0323313336350294	9215.18121597232	-2.37587727272341e-14	2	10	8	34	83	259	156	2730	RB1_NTRK2	RB1	No	Yes	NTRK2	Yes	No	Thoracic	Loss	Primary	3282	0.99969143487568	FALSE	FALSE	FALSE	TRUE	0.000134028810171794
2.41002169702897	0.92890226152812	2.59448361452397	0.00947331289926231	10139.6607986272	2.03836947321173e-13	4	12	4	135	4	186	61	2866	FBXW7_NTRK3	FBXW7	No	Yes	NTRK3	Yes	No	Thoracic	Loss	Primary	3272	0.99969143487568	FALSE	FALSE	FALSE	TRUE	0.000134028810171794
-1.11855674987707	0.475240608409177	-2.35366408106691	0.0185894016299063	7920.82393914812	2.88657986402277e-14	8	34	24	200	77	235	140	2564	RB1_PTPRD	RB1	No	Yes	PTPRD	No	Yes	Thoracic	Loss	Primary	3282	0.99969143487568	FALSE	FALSE	FALSE	TRUE	0.000134028810171794
-2.66256378355869	0.810551969687319	-3.28487732203748	0.00102026784581924	9117.0947699329	-1.44328993202162e-14	2	76	15	158	19	141	93	2742	APC_RB1	APC	No	Yes	RB1	No	Yes	Thoracic	Loss	Primary	3246	0.494149726658452	FALSE	FALSE	FALSE	TRUE	0.306141440531305
1.28607331230373	0.649360422146572	1.9805230938658	0.0476447810004133	8874.85256970323	-1.48769885299777e-13	6	9	25	287	12	98	154	2660	ATM_RBM10	ATM	No	Yes	RBM10	No	Yes	Thoracic	Loss	Primary	3251	0.99969143487568	FALSE	FALSE	FALSE	TRUE	0.000134028810171794
2.59830050502564	1.02835052661106	2.52666813288692	0.0115150256163559	9663.9265642316	2.70672373403611e-13	3	10	3	310	4	144	33	2740	TSC1_RBM10	TSC1	No	Yes	RBM10	No	Yes	Thoracic	Loss	Primary	3247	0.99969143487568	FALSE	FALSE	FALSE	TRUE	0.000134028810171794
2.49158770078305	1.0459817589143	2.3820565507464	0.017216253386283	10141.8954959998	5.19584375524545e-13	3	3	3	85	15	104	176	2862	ATM_SMAD4	ATM	No	Yes	SMAD4	No	Yes	Thoracic	Loss	Primary	3251	0.99969143487568	FALSE	FALSE	FALSE	TRUE	0.000134028810171794
1.8466890592534	0.86732235825676	2.12918419740162	0.0332390238073342	9862.08215765019	-2.22932783344738e-13	4	6	4	83	17	211	104	2817	APC_SMAD4	APC	No	Yes	SMAD4	No	Yes	Thoracic	Loss	Primary	3246	0.99969143487568	FALSE	FALSE	FALSE	TRUE	0.000134028810171794
1.51493111133112	0.59923016330113	2.528128929601	0.0114672232702996	8227.4438197292	-5.28466159721736e-14	7	12	24	383	14	205	84	2517	APC_STK11	APC	No	Yes	STK11	No	Yes	Thoracic	Loss	Primary	3246	0.99969143487568	FALSE	FALSE	FALSE	TRUE	0.000134028810171794
-1.39270939879137	0.531225356347639	-2.62169224821408	0.00874943994783042	6096.70034980922	-4.35207425653183e-13	6	96	89	1336	15	68	90	1541	SMARCA4_TP53	SMARCA4	No	Yes	TP53	No	Yes	Thoracic	Loss	Primary	3241	0.99969143487568	FALSE	FALSE	FALSE	TRUE	0.000134028810171794
-1.00663434549543	0.348146399331033	-2.89141104842587	0.00383516142905822	5348.1479640764	-4.35207425653071e-14	22	72	159	1273	36	50	158	1469	KEAP1_TP53	KEAP1	No	Yes	TP53	No	Yes	Thoracic	Loss	Primary	3239	0.99969143487568	FALSE	FALSE	FALSE	TRUE	0.000134028810171794
-2.40871742315557	1.07773605237416	-2.23497898010312	0.0254187287524165	6817.74117190717	1.03916872929434e-13	1	89	23	1389	15	85	37	1582	NF2_TP53	NF2	No	Yes	TP53	No	Yes	Thoracic	Loss	Primary	3221	0.99969143487568	FALSE	FALSE	FALSE	TRUE	0.000134028810171794
-1.33380094719417	0.361950692887187	-3.68503493267214	0.000228671274848739	4991.91469152746	2.20490292690552e-13	15	111	112	1298	51	47	249	1364	STK11_TP53	STK11	No	Yes	TP53	No	Yes	Thoracic	Loss	Primary	3247	0.166129681177609	FALSE	FALSE	TRUE	TRUE	0.779552768391056
-2.12403662890513	0.509678310299526	-4.16740635413127	3.08085011992001e-05	6343.7450266096	2.31370478331879e-13	10	173	66	1300	11	44	42	1600	APC_TP53	APC	No	Yes	TP53	No	Yes	Thoracic	Loss	Primary	3246	0.0447647522424377	TRUE	TRUE	TRUE	TRUE	1.34906381483554
-1.28427928655583	0.520023066709003	-2.46965830705063	0.0135242163887371	6941.62542059954	-2.22044604925032e-13	25	100	62	1367	8	29	23	1660	PTEN_TP53	PTEN	No	Yes	TP53	No	Yes	Thoracic	Loss	Primary	3274	0.99969143487568	FALSE	FALSE	FALSE	TRUE	0.000134028810171794
-2.89197152215206	1.0594884048067	-2.72959242312774	0.00634126711358883	6517.33141921192	-1.14797062938416e-13	1	64	70	1397	17	43	109	1550	ATM_TP53	ATM	No	Yes	TP53	No	Yes	Thoracic	Loss	Primary	3251	0.99969143487568	FALSE	FALSE	FALSE	TRUE	0.000134028810171794
